-- phpMyAdmin SQL Dump
-- version 4.7.9
-- https://www.phpmyadmin.net/
--
-- Hôte : 127.0.0.1:3306
-- Généré le :  ven. 25 mars 2022 à 10:14
-- Version du serveur :  5.7.21
-- Version de PHP :  7.2.4

SET SQL_MODE = "NO_AUTO_VALUE_ON_ZERO";
SET AUTOCOMMIT = 0;
START TRANSACTION;
SET time_zone = "+00:00";


/*!40101 SET @OLD_CHARACTER_SET_CLIENT=@@CHARACTER_SET_CLIENT */;
/*!40101 SET @OLD_CHARACTER_SET_RESULTS=@@CHARACTER_SET_RESULTS */;
/*!40101 SET @OLD_COLLATION_CONNECTION=@@COLLATION_CONNECTION */;
/*!40101 SET NAMES utf8mb4 */;

--
-- Base de données :  `nearshoring`
--

-- --------------------------------------------------------

--
-- Structure de la table `admins`
--

DROP TABLE IF EXISTS `admins`;
CREATE TABLE IF NOT EXISTS `admins` (
  `id` bigint(20) UNSIGNED NOT NULL AUTO_INCREMENT,
  `last_name` varchar(191) COLLATE utf8mb4_unicode_ci DEFAULT NULL,
  `first_name` varchar(191) COLLATE utf8mb4_unicode_ci DEFAULT NULL,
  `email` varchar(191) COLLATE utf8mb4_unicode_ci NOT NULL,
  `phone_number` varchar(191) COLLATE utf8mb4_unicode_ci NOT NULL,
  `address` mediumtext COLLATE utf8mb4_unicode_ci,
  `profile_picture` varchar(191) COLLATE utf8mb4_unicode_ci DEFAULT NULL,
  `email_verified_at` timestamp NULL DEFAULT NULL,
  `password` varchar(191) COLLATE utf8mb4_unicode_ci NOT NULL,
  `is_activated` tinyint(1) NOT NULL DEFAULT '0',
  `remember_token` varchar(100) COLLATE utf8mb4_unicode_ci DEFAULT NULL,
  `created_at` timestamp NULL DEFAULT NULL,
  `updated_at` timestamp NULL DEFAULT NULL,
  PRIMARY KEY (`id`),
  UNIQUE KEY `admins_email_unique` (`email`),
  UNIQUE KEY `admins_phone_number_unique` (`phone_number`)
) ENGINE=MyISAM AUTO_INCREMENT=11 DEFAULT CHARSET=utf8mb4 COLLATE=utf8mb4_unicode_ci;

--
-- Déchargement des données de la table `admins`
--

INSERT INTO `admins` (`id`, `last_name`, `first_name`, `email`, `phone_number`, `address`, `profile_picture`, `email_verified_at`, `password`, `is_activated`, `remember_token`, `created_at`, `updated_at`) VALUES
(1, 'SPARK', 'SPARK', 'spark@gmail.com', '+22892380854', 'lome', NULL, NULL, '$2y$10$S.06DkAfDg251RsZDYfk0eHeRXLxgDz5qheyEoREYVcV75Tp8p4xi', 1, NULL, '2021-08-25 12:48:41', '2021-08-25 16:20:44'),
(2, 'SPARK', 'Mathieu', 'admin@gmail.com', '+22899999999', 'lome', NULL, NULL, '$2y$10$UIhWM9hazw0ybACK7Tdbm.ONqoRmTKKfXWh2WX1WVtkrzTqPIGEca', 0, NULL, '2021-08-25 15:48:41', '2021-08-25 15:48:41'),
(3, 'AWOKOU', 'Mathieu', 'kawokou@gmail.com', '+22889999999', 'lome', NULL, NULL, '$2y$10$TM.fQgIfUKwl9Py7wW7I6emgTso2cj295/ms8oTAQBIM8/zm.cuFS', 0, NULL, '2021-09-07 11:17:35', '2021-12-28 09:38:21'),
(4, 'TANGUY', 'Koffi', 'koffi@gmail.com', '+22890786543', 'Lome', NULL, NULL, '$2y$10$eZSj3ZeuSgQlDYD/Eknv0OHlNyXyK/dTad69tY6ZQEprR8YBL6dkW', 0, NULL, '2021-09-07 21:39:35', '2021-09-07 21:39:35'),
(5, 'ADANLETE', 'Nora', 'ai.nora@centralresource.net', '+22893147404', 'Lome', NULL, NULL, '$2y$10$Dbi0n9X4ekVb4ORQH.Ona.ymzLlwzbcpfsZYWXRtUJxKu2ipIf5mC', 0, NULL, '2021-09-08 16:40:08', '2021-12-28 08:58:10'),
(6, 'EDORH', 'Senou', 'christianedorh@gmail.com', '+22898950505', NULL, NULL, NULL, '$2y$10$Plafa/awV9Q0MJ.VaskpTeO98BP1TA3jY9qWV6v8uSZ59UeRAf3si', 0, NULL, '2021-09-08 17:01:15', '2021-09-08 17:01:15'),
(7, 'TESTEUR', 'Ezechiel', 'test@gmail.com', '+22858767676', 'Lome', NULL, NULL, '$2y$10$Mn63icmUyddrW7mh6TJPbeEzInG8qee4MO5UKdvyUEXLnHfYkVyvy', 0, NULL, '2021-09-14 11:10:54', '2021-09-17 15:01:25'),
(8, 'PARBEY', 'Dovi', 'admin@hotmail.com', '+22823232323', NULL, NULL, NULL, '$2y$10$gfyEUR2GNAZPTQ44H8FANedx/i7l2gltRbAnBXZcsRO8fZ96tt9TK', 0, NULL, '2021-10-02 15:38:18', '2021-10-10 15:01:26'),
(9, 'ADANLETE', 'Nora', 'ainora@centralresource.net', '+22810101010', NULL, NULL, NULL, '$2y$10$tLQq4x/mUGZXxBAQwk5mb.q.SOIvE123azYmvuYqR4BQuS.aFZQc6', 0, NULL, '2021-12-28 08:35:15', '2021-12-28 08:35:15'),
(10, 'AKITANI', 'Roger', 'a.roger@centralresource.net', '+22820202020', NULL, NULL, NULL, '$2y$10$VpFDPwMnN/crsMN59s/l3OArRvKhJeCKqr6BujuUSByDv8H4lQ.xe', 0, NULL, '2021-12-28 08:39:18', '2021-12-28 08:43:38');

-- --------------------------------------------------------

--
-- Structure de la table `applies`
--

DROP TABLE IF EXISTS `applies`;
CREATE TABLE IF NOT EXISTS `applies` (
  `id` bigint(20) UNSIGNED NOT NULL AUTO_INCREMENT,
  `offer_id` bigint(20) UNSIGNED DEFAULT NULL,
  `message` mediumtext COLLATE utf8mb4_unicode_ci,
  `cv_file` varchar(191) COLLATE utf8mb4_unicode_ci DEFAULT NULL,
  `cover_letter_file` varchar(191) COLLATE utf8mb4_unicode_ci DEFAULT NULL,
  `cover_letter` longtext COLLATE utf8mb4_unicode_ci,
  `user_id` bigint(20) UNSIGNED NOT NULL,
  `treat_by` varchar(191) COLLATE utf8mb4_unicode_ci DEFAULT NULL,
  `status` tinyint(1) NOT NULL DEFAULT '0',
  `is_favorable` tinyint(1) NOT NULL DEFAULT '0',
  `decision` mediumtext COLLATE utf8mb4_unicode_ci,
  `is_active` int(11) NOT NULL DEFAULT '0',
  `created_at` timestamp NULL DEFAULT NULL,
  `updated_at` timestamp NULL DEFAULT NULL,
  PRIMARY KEY (`id`),
  KEY `applies_user_id_foreign` (`user_id`),
  KEY `applies_offer_id_foreign` (`offer_id`)
) ENGINE=MyISAM AUTO_INCREMENT=8 DEFAULT CHARSET=utf8mb4 COLLATE=utf8mb4_unicode_ci;

--
-- Déchargement des données de la table `applies`
--

INSERT INTO `applies` (`id`, `offer_id`, `message`, `cv_file`, `cover_letter_file`, `cover_letter`, `user_id`, `treat_by`, `status`, `is_favorable`, `decision`, `is_active`, `created_at`, `updated_at`) VALUES
(1, 10, NULL, '61d7c7c6cf9a0_1641531334.docx', NULL, 'Text', 2, NULL, 1, 1, NULL, 0, '2022-01-07 03:55:34', '2022-01-10 07:18:08'),
(2, 2, NULL, NULL, NULL, NULL, 2, NULL, 0, 0, NULL, 0, '2022-01-08 10:30:40', '2022-01-08 10:30:40'),
(3, 9, NULL, NULL, NULL, NULL, 2, NULL, 0, 0, NULL, 0, '2022-01-08 11:33:00', '2022-01-08 11:33:00'),
(4, 1, NULL, NULL, NULL, NULL, 71, NULL, 0, 0, NULL, 0, '2022-01-09 19:47:49', '2022-01-09 19:47:49'),
(5, 1, NULL, NULL, NULL, NULL, 71, NULL, 0, 0, NULL, 0, '2022-01-09 20:00:04', '2022-01-09 20:00:04'),
(6, 8, NULL, NULL, NULL, NULL, 2, NULL, 0, 0, NULL, 0, '2022-01-10 02:12:14', '2022-01-10 02:12:14'),
(7, 9, NULL, NULL, NULL, NULL, 2, NULL, 0, 0, NULL, 0, '2022-01-10 07:17:25', '2022-01-10 07:17:25');

-- --------------------------------------------------------

--
-- Structure de la table `categories`
--

DROP TABLE IF EXISTS `categories`;
CREATE TABLE IF NOT EXISTS `categories` (
  `id` bigint(20) UNSIGNED NOT NULL AUTO_INCREMENT,
  `title_categorie` varchar(191) COLLATE utf8mb4_unicode_ci DEFAULT NULL,
  `description_categorie` mediumtext COLLATE utf8mb4_unicode_ci,
  `created_at` timestamp NULL DEFAULT NULL,
  `updated_at` timestamp NULL DEFAULT NULL,
  PRIMARY KEY (`id`)
) ENGINE=MyISAM AUTO_INCREMENT=4 DEFAULT CHARSET=utf8mb4 COLLATE=utf8mb4_unicode_ci;

--
-- Déchargement des données de la table `categories`
--

INSERT INTO `categories` (`id`, `title_categorie`, `description_categorie`, `created_at`, `updated_at`) VALUES
(1, 'Non classé', 'Pas de catégorie', '2021-08-25 16:23:21', '2021-08-25 16:23:21'),
(2, 'Emploi', 'Catégorie Emploi', '2021-08-25 16:23:46', '2021-08-25 16:23:46');

-- --------------------------------------------------------

--
-- Structure de la table `cnsses`
--

DROP TABLE IF EXISTS `cnsses`;
CREATE TABLE IF NOT EXISTS `cnsses` (
  `id` bigint(20) UNSIGNED NOT NULL AUTO_INCREMENT,
  `name_cnss` varchar(191) COLLATE utf8mb4_unicode_ci DEFAULT NULL,
  `created_at` timestamp NULL DEFAULT NULL,
  `updated_at` timestamp NULL DEFAULT NULL,
  PRIMARY KEY (`id`)
) ENGINE=MyISAM DEFAULT CHARSET=utf8mb4 COLLATE=utf8mb4_unicode_ci;

-- --------------------------------------------------------

--
-- Structure de la table `conges`
--

DROP TABLE IF EXISTS `conges`;
CREATE TABLE IF NOT EXISTS `conges` (
  `id` bigint(20) UNSIGNED NOT NULL AUTO_INCREMENT,
  `type_conge_id` int(10) UNSIGNED NOT NULL,
  `date_demande_conge` date DEFAULT NULL,
  `number_day` varchar(191) COLLATE utf8mb4_unicode_ci DEFAULT NULL,
  `date_return_conge` date DEFAULT NULL,
  `date_reprise_conge` date DEFAULT NULL,
  `date_effet` date DEFAULT NULL,
  `motif_conge` varchar(191) COLLATE utf8mb4_unicode_ci DEFAULT NULL,
  `comment_conge` varchar(191) COLLATE utf8mb4_unicode_ci DEFAULT NULL,
  `is_valide` tinyint(1) DEFAULT '0',
  `user_id` bigint(20) UNSIGNED NOT NULL,
  `contrat_id` bigint(20) UNSIGNED NOT NULL,
  `is_valide_client` tinyint(1) DEFAULT '0',
  `comment_client` varchar(191) COLLATE utf8mb4_unicode_ci DEFAULT NULL,
  `created_at` timestamp NULL DEFAULT NULL,
  `updated_at` timestamp NULL DEFAULT NULL,
  PRIMARY KEY (`id`),
  KEY `conges_type_conge_id_foreign` (`type_conge_id`),
  KEY `conges_user_id_foreign` (`user_id`),
  KEY `conges_contrat_id_foreign` (`contrat_id`)
) ENGINE=MyISAM AUTO_INCREMENT=13 DEFAULT CHARSET=utf8mb4 COLLATE=utf8mb4_unicode_ci;

--
-- Déchargement des données de la table `conges`
--

INSERT INTO `conges` (`id`, `type_conge_id`, `date_demande_conge`, `number_day`, `date_return_conge`, `date_reprise_conge`, `date_effet`, `motif_conge`, `comment_conge`, `is_valide`, `user_id`, `contrat_id`, `is_valide_client`, `comment_client`, `created_at`, `updated_at`) VALUES
(1, 3, '2021-09-20', '3', '2021-09-23', '2021-09-23', '2021-09-20', NULL, NULL, 1, 2, 1, 0, NULL, '2021-09-20 20:40:14', '2021-09-20 20:43:16'),
(7, 3, '2021-10-19', '2', '2021-10-21', NULL, NULL, NULL, NULL, 0, 2, 0, 0, NULL, '2021-10-19 08:52:25', '2021-10-19 08:52:25'),
(3, 1, '2021-09-21', '3', '2021-09-24', '2021-09-24', '2021-09-21', NULL, NULL, 1, 8, 2, 0, NULL, '2021-09-21 07:50:49', '2021-09-21 07:55:10'),
(4, 2, '2021-09-25', '3', '2021-09-28', '2021-09-28', '2021-09-25', NULL, NULL, 0, 2, 3, 0, NULL, '2021-09-25 17:48:15', '2021-10-06 02:46:24'),
(5, 2, '2021-09-25', '3', '2021-09-28', NULL, NULL, NULL, NULL, 0, 2, 1, 0, NULL, '2021-09-25 17:48:57', '2021-09-25 17:48:57'),
(6, 2, '2021-10-20', '5', '2021-10-25', '2021-10-25', '2021-10-20', NULL, NULL, 0, 2, 3, 0, NULL, '2021-10-01 13:47:48', '2021-10-06 02:46:35'),
(8, 3, '2021-10-18', '7', '2021-10-25', NULL, NULL, NULL, NULL, 0, 2, 1, 0, NULL, '2021-10-19 18:11:10', '2021-10-19 18:11:10'),
(9, 3, '2021-10-20', '3', '2021-10-23', NULL, NULL, NULL, NULL, 0, 2, 1, 0, NULL, '2021-10-20 17:18:31', '2021-10-20 17:18:31');

-- --------------------------------------------------------

--
-- Structure de la table `contrats`
--

DROP TABLE IF EXISTS `contrats`;
CREATE TABLE IF NOT EXISTS `contrats` (
  `id` bigint(20) UNSIGNED NOT NULL AUTO_INCREMENT,
  `type_contrat_id` bigint(20) UNSIGNED DEFAULT NULL,
  `date_effet` date DEFAULT NULL,
  `date_fin` date DEFAULT NULL,
  `client_id` bigint(20) UNSIGNED DEFAULT NULL,
  `prestataire_id` bigint(20) UNSIGNED DEFAULT NULL,
  `compteur` int(11) NOT NULL,
  `ville_id` bigint(20) UNSIGNED DEFAULT NULL,
  `pay_per_hour` bigint(20) DEFAULT NULL,
  `salary` double(8,2) DEFAULT NULL,
  `type_versement` varchar(191) COLLATE utf8mb4_unicode_ci DEFAULT NULL,
  `daily_hourly_rate` int(11) DEFAULT NULL,
  `working_day_week` int(11) DEFAULT NULL,
  `working_description` mediumtext COLLATE utf8mb4_unicode_ci,
  `status` tinyint(1) NOT NULL DEFAULT '0',
  `nbreheure` varchar(191) COLLATE utf8mb4_unicode_ci DEFAULT NULL,
  `tarifhoraire` varchar(191) COLLATE utf8mb4_unicode_ci DEFAULT NULL,
  `type_contrat` varchar(191) COLLATE utf8mb4_unicode_ci DEFAULT NULL,
  `name_cnss` varchar(191) COLLATE utf8mb4_unicode_ci DEFAULT NULL,
  `is_active` tinyint(1) NOT NULL DEFAULT '0',
  `admin_id` bigint(20) UNSIGNED DEFAULT NULL,
  `deleted_at` timestamp NULL DEFAULT NULL,
  `created_at` timestamp NULL DEFAULT NULL,
  `updated_at` timestamp NULL DEFAULT NULL,
  PRIMARY KEY (`id`),
  KEY `contrats_client_id_foreign` (`client_id`),
  KEY `contrats_prestataire_id_foreign` (`prestataire_id`),
  KEY `contrats_type_contrat_id_foreign` (`type_contrat_id`),
  KEY `contrats_admin_id_foreign` (`admin_id`),
  KEY `contrats_ville_id_foreign` (`ville_id`)
) ENGINE=MyISAM AUTO_INCREMENT=11 DEFAULT CHARSET=utf8mb4 COLLATE=utf8mb4_unicode_ci;

--
-- Déchargement des données de la table `contrats`
--

INSERT INTO `contrats` (`id`, `type_contrat_id`, `date_effet`, `date_fin`, `client_id`, `prestataire_id`, `compteur`, `ville_id`, `pay_per_hour`, `salary`, `type_versement`, `daily_hourly_rate`, `working_day_week`, `working_description`, `status`, `nbreheure`, `tarifhoraire`, `type_contrat`, `name_cnss`, `is_active`, `admin_id`, `deleted_at`, `created_at`, `updated_at`) VALUES
(1, 2, '2021-10-18', '2021-12-17', 4, 8, 19, 15, 10000, NULL, 'mensuel', 5, 5, 'TEST', 1, '2000', NULL, 'SAL', '0.04', 1, 2, NULL, '2021-10-18 09:01:51', '2022-01-16 01:59:02'),
(2, 3, '2021-10-18', '2022-01-16', 24, 21, 9, 3, 4000, NULL, 'mensuel', 5, 4, NULL, 1, '800', NULL, 'MDP', '0.04', 1, 2, NULL, '2021-10-18 09:03:57', '2022-01-16 01:59:02'),
(3, 2, '2021-10-21', '2021-12-20', 3, 2, 15, 9, 144, NULL, 'mensuel', 12, 3, NULL, 1, '12', NULL, 'MER', '0.04', 1, 2, NULL, '2021-10-21 20:33:56', '2022-01-16 01:59:02'),
(4, 2, '2021-10-26', '2021-12-25', 3, 56, 15, 4, 24, NULL, 'mensuel', 8, 9, NULL, 1, '3', NULL, 'MER', '0.04', 1, 2, NULL, '2021-10-26 19:12:18', '2022-01-16 01:59:02'),
(5, 2, '2021-10-28', '2021-12-27', 3, 57, 15, 5, 6, NULL, 'mensuel', 3, 4, NULL, 1, '2', NULL, 'MER', '0.04', 1, 2, NULL, '2021-10-28 10:57:53', '2022-01-16 01:59:02'),
(6, 3, '2021-10-28', '2022-01-26', 24, 57, 15, 15, 9, NULL, 'mensuel', 3, 5, NULL, 1, '3', NULL, 'SAL', '0.04', 1, 2, NULL, '2021-10-28 11:08:13', '2022-01-16 01:59:02'),
(7, 1, '2021-10-28', '2021-11-27', 3, 2, 15, 15, 4, NULL, 'mensuel', 2, 2, NULL, 1, '2', NULL, 'MER', '0.04', 1, 2, NULL, '2021-10-28 15:32:36', '2022-01-16 01:59:02'),
(8, 7, '2022-01-03', NULL, 4, 2, 0, 4, 10000, NULL, 'mensuel', 5, 5, NULL, 1, '2000', NULL, 'MDP', '0.04', 1, 2, NULL, '2022-01-03 13:50:53', '2022-01-16 01:59:02'),
(9, 1, '2022-01-03', '2022-02-02', 8, 78, 0, 3, 8000, NULL, 'mensuel', 4, 3, NULL, 1, '2000', NULL, 'MER', '0.04', 1, 2, NULL, '2022-01-03 13:56:08', '2022-01-16 01:59:02'),
(10, 2, '2022-01-03', '2022-03-04', 4, 2, 0, 10, 12000, NULL, 'mensuel', 6, 4, NULL, 1, '2000', NULL, 'SAL', '0.04', 1, 2, NULL, '2022-01-03 14:04:06', '2022-01-16 01:59:02');

-- --------------------------------------------------------

--
-- Structure de la table `demande_absences`
--

DROP TABLE IF EXISTS `demande_absences`;
CREATE TABLE IF NOT EXISTS `demande_absences` (
  `id` bigint(20) UNSIGNED NOT NULL AUTO_INCREMENT,
  `affectation_demande` varchar(191) COLLATE utf8mb4_unicode_ci DEFAULT NULL,
  `type_absence_id` int(10) UNSIGNED NOT NULL,
  `taux_demande` varchar(191) COLLATE utf8mb4_unicode_ci DEFAULT NULL,
  `date_demande` date DEFAULT NULL,
  `dure_absence` varchar(191) COLLATE utf8mb4_unicode_ci DEFAULT NULL,
  `date_effet` date DEFAULT NULL,
  `date_reprise` date DEFAULT NULL,
  `motif_demande` varchar(191) COLLATE utf8mb4_unicode_ci DEFAULT NULL,
  `comment_demande` varchar(191) COLLATE utf8mb4_unicode_ci DEFAULT NULL,
  `is_valide` tinyint(1) DEFAULT '0',
  `user_id` bigint(20) UNSIGNED NOT NULL,
  `hour_start_time` varchar(191) COLLATE utf8mb4_unicode_ci DEFAULT NULL,
  `contrat_id` bigint(20) UNSIGNED NOT NULL,
  `is_valide_client` tinyint(1) DEFAULT '0',
  `comment_client` varchar(191) COLLATE utf8mb4_unicode_ci DEFAULT NULL,
  `created_at` timestamp NULL DEFAULT NULL,
  `updated_at` timestamp NULL DEFAULT NULL,
  PRIMARY KEY (`id`),
  KEY `demande_absences_type_absence_id_foreign` (`type_absence_id`),
  KEY `demande_absences_user_id_foreign` (`user_id`),
  KEY `demande_absences_contrat_id_foreign` (`contrat_id`)
) ENGINE=MyISAM AUTO_INCREMENT=8 DEFAULT CHARSET=utf8mb4 COLLATE=utf8mb4_unicode_ci;

--
-- Déchargement des données de la table `demande_absences`
--

INSERT INTO `demande_absences` (`id`, `affectation_demande`, `type_absence_id`, `taux_demande`, `date_demande`, `dure_absence`, `date_effet`, `date_reprise`, `motif_demande`, `comment_demande`, `is_valide`, `user_id`, `hour_start_time`, `contrat_id`, `is_valide_client`, `comment_client`, `created_at`, `updated_at`) VALUES
(1, NULL, 2, NULL, '2021-09-20', '4', '2021-09-20', '2021-09-24', NULL, NULL, 2, 2, NULL, 1, 0, NULL, '2021-09-20 20:33:18', '2021-09-20 20:38:05'),
(2, NULL, 4, NULL, '2021-09-22', '2', NULL, '2021-09-24', 'ok', NULL, 0, 2, NULL, 3, 1, NULL, '2021-09-22 07:01:53', '2021-11-26 14:07:02'),
(3, NULL, 4, NULL, '2021-09-30', '5', NULL, '2021-10-05', NULL, NULL, 0, 2, NULL, 3, 0, NULL, '2021-09-25 17:53:27', '2021-09-25 17:53:27'),
(4, NULL, 4, NULL, '2021-10-02', '3', '2021-10-02', '2021-10-05', 'ok', NULL, 1, 2, NULL, 4, 0, NULL, '2021-09-25 17:55:16', '2021-09-25 18:00:41'),
(5, NULL, 3, NULL, '2021-10-19', '0', NULL, '2021-10-19', 'rttttttyy', NULL, 0, 2, NULL, 6, 0, NULL, '2021-10-19 08:47:22', '2021-10-19 08:47:22'),
(6, NULL, 4, NULL, '2021-10-18', '3', NULL, '2021-10-21', 'kkkk', NULL, 0, 2, NULL, 4, 0, NULL, '2021-10-19 18:08:21', '2021-10-19 18:08:21'),
(7, NULL, 6, NULL, '2021-10-20', '3', NULL, '2021-10-23', 'khhh', NULL, 0, 2, NULL, 1, 0, NULL, '2021-10-20 17:17:49', '2021-10-20 17:17:49');

-- --------------------------------------------------------

--
-- Structure de la table `demande_formations`
--

DROP TABLE IF EXISTS `demande_formations`;
CREATE TABLE IF NOT EXISTS `demande_formations` (
  `id` bigint(20) UNSIGNED NOT NULL AUTO_INCREMENT,
  `formation_id` bigint(20) UNSIGNED NOT NULL,
  `user_id` bigint(20) UNSIGNED NOT NULL,
  `motif_dem_for` varchar(191) COLLATE utf8mb4_unicode_ci DEFAULT NULL,
  `description_dem_for` mediumtext COLLATE utf8mb4_unicode_ci,
  `is_favorable` tinyint(1) NOT NULL DEFAULT '0',
  `decision_dem_for` mediumtext COLLATE utf8mb4_unicode_ci,
  `is_active` int(11) NOT NULL DEFAULT '0',
  `status` tinyint(1) NOT NULL DEFAULT '0',
  `deleted_at` timestamp NULL DEFAULT NULL,
  `created_at` timestamp NULL DEFAULT NULL,
  `updated_at` timestamp NULL DEFAULT NULL,
  PRIMARY KEY (`id`),
  KEY `demande_formations_user_id_foreign` (`user_id`),
  KEY `demande_formations_formation_id_foreign` (`formation_id`)
) ENGINE=MyISAM AUTO_INCREMENT=21 DEFAULT CHARSET=utf8mb4 COLLATE=utf8mb4_unicode_ci;

--
-- Déchargement des données de la table `demande_formations`
--

INSERT INTO `demande_formations` (`id`, `formation_id`, `user_id`, `motif_dem_for`, `description_dem_for`, `is_favorable`, `decision_dem_for`, `is_active`, `status`, `deleted_at`, `created_at`, `updated_at`) VALUES
(1, 1, 2, 'blabla', NULL, 1, NULL, 0, 1, NULL, '2021-09-20 20:28:57', '2021-09-20 20:30:38'),
(2, 1, 8, 'Bien', 'Bien', 1, NULL, 0, 1, NULL, '2021-09-21 03:36:06', '2021-09-21 03:50:37'),
(3, 1, 2, 'blabla', NULL, 1, NULL, 0, 1, NULL, '2021-09-23 19:19:16', '2021-10-06 02:54:59'),
(4, 1, 2, 'blabla', NULL, 0, NULL, 0, 1, NULL, '2021-09-25 17:46:17', '2021-10-06 02:54:45'),
(6, 3, 2, 'blabla', NULL, 1, NULL, 0, 1, NULL, '2021-09-27 17:12:50', '2021-09-27 17:14:15'),
(11, 1, 21, 'Perfectionnnement', 'Perfectionnement de la manipulation des outils de base', 1, NULL, 0, 1, NULL, '2021-10-10 14:51:38', '2021-10-10 16:10:34'),
(8, 1, 2, 'blabla', NULL, 1, NULL, 0, 1, NULL, '2021-09-28 19:05:11', '2021-10-06 02:19:25'),
(9, 4, 2, 'blabla', 'ok', 1, NULL, 0, 1, NULL, '2021-10-01 18:02:53', '2021-10-01 18:03:37'),
(10, 4, 27, 'ok', NULL, 1, NULL, 0, 1, NULL, '2021-10-05 08:38:53', '2021-10-05 08:40:34'),
(12, 1, 2, 'Courier', 'Courier', 0, NULL, 0, 0, NULL, '2021-10-13 19:54:39', '2021-10-13 19:54:39'),
(13, 1, 45, 'Un motif', NULL, 0, NULL, 0, 0, NULL, '2021-10-14 16:37:55', '2021-10-14 16:37:55'),
(14, 4, 45, 'Un motif', NULL, 0, NULL, 0, 1, NULL, '2021-10-14 17:11:12', '2021-10-14 17:20:00'),
(15, 1, 2, 'text', 'Text', 0, NULL, 0, 0, NULL, '2021-10-14 19:44:56', '2021-10-14 19:44:56'),
(16, 4, 2, 'ddhh', 'ffhhh', 0, NULL, 0, 0, NULL, '2021-10-19 18:04:46', '2021-10-19 18:04:46'),
(18, 1, 2, 'test', 'test', 0, NULL, 0, 0, NULL, '2021-10-24 07:28:27', '2021-10-24 07:28:27'),
(19, 1, 56, 'Xcggghhhh', 'Ffgvvbbbnnn', 1, NULL, 0, 1, NULL, '2021-10-26 19:13:30', '2021-10-26 19:15:11'),
(20, 4, 57, 'text', 'text', 1, NULL, 0, 1, NULL, '2021-10-28 11:20:33', '2021-10-28 13:16:17');

-- --------------------------------------------------------

--
-- Structure de la table `factures`
--

DROP TABLE IF EXISTS `factures`;
CREATE TABLE IF NOT EXISTS `factures` (
  `id` bigint(20) UNSIGNED NOT NULL AUTO_INCREMENT,
  `contrat_id` bigint(20) UNSIGNED NOT NULL,
  `amount` int(11) DEFAULT NULL,
  `reference` int(11) NOT NULL,
  `date_facture` date DEFAULT NULL,
  `status` tinyint(1) NOT NULL DEFAULT '0',
  `created_at` timestamp NULL DEFAULT NULL,
  `updated_at` timestamp NULL DEFAULT NULL,
  PRIMARY KEY (`id`),
  KEY `factures_contrat_id_foreign` (`contrat_id`)
) ENGINE=MyISAM AUTO_INCREMENT=521 DEFAULT CHARSET=utf8mb4 COLLATE=utf8mb4_unicode_ci;

--
-- Déchargement des données de la table `factures`
--

INSERT INTO `factures` (`id`, `contrat_id`, `amount`, `reference`, `date_facture`, `status`, `created_at`, `updated_at`) VALUES
(1, 2, 27000, 9172, '2021-09-25', 0, '2021-09-25 18:08:44', '2022-01-04 12:10:35'),
(2, 1, 120000, 1428, '2021-09-30', 1, '2021-09-30 16:38:21', '2021-10-14 06:55:12'),
(3, 1, 150, 29421, '2021-10-13', 0, '2021-10-13 20:48:12', '2021-12-21 15:36:06'),
(4, 1, 300000, 9159, '2021-10-18', 0, '2021-10-18 09:25:57', '2021-10-18 09:25:57'),
(5, 7, 150, 30447, '2021-11-18', 0, '2021-11-18 09:11:46', '2021-11-22 17:25:35'),
(6, 1, 300000, 2223, '2021-12-15', 0, '2021-12-15 22:54:27', '2021-12-15 22:54:27'),
(7, 2, 120000, 1, '2021-12-16', 0, '2021-12-15 23:43:01', '2021-12-15 23:43:01'),
(8, 1, 300000, 8559, '2021-12-16', 0, '2021-12-16 01:10:02', '2021-12-16 01:10:02'),
(9, 3, 4320, 6768, '2021-12-16', 0, '2021-12-16 01:14:02', '2021-12-16 01:14:02'),
(10, 4, 720, 3484, '2021-12-16', 0, '2021-12-16 01:14:02', '2021-12-16 01:14:02'),
(11, 5, 180, 9330, '2021-12-16', 0, '2021-12-16 01:14:02', '2021-12-16 01:14:02'),
(12, 6, 270, 5818, '2021-12-16', 0, '2021-12-16 01:14:02', '2021-12-16 01:14:02'),
(13, 7, 120, 2881, '2021-12-16', 0, '2021-12-16 01:14:02', '2021-12-16 01:14:02'),
(14, 2, 120000, 1462, '2021-12-16', 0, '2021-12-16 01:20:02', '2021-12-16 01:20:02'),
(15, 1, 300000, 1969, '2021-12-16', 0, '2021-12-16 01:40:02', '2021-12-16 01:40:02'),
(16, 3, 4320, 4392, '2021-12-16', 0, '2021-12-16 01:44:01', '2021-12-16 01:44:01'),
(17, 4, 720, 7718, '2021-12-16', 0, '2021-12-16 01:44:01', '2021-12-16 01:44:01'),
(18, 5, 180, 3851, '2021-12-16', 0, '2021-12-16 01:44:01', '2021-12-16 01:44:01'),
(19, 6, 270, 4518, '2021-12-16', 0, '2021-12-16 01:44:01', '2021-12-16 01:44:01'),
(20, 7, 120, 1884, '2021-12-16', 0, '2021-12-16 01:44:01', '2021-12-16 01:44:01'),
(21, 2, 120000, 7499, '2021-12-16', 0, '2021-12-16 01:50:02', '2021-12-16 01:50:02'),
(22, 1, 300000, 9585, '2021-12-17', 0, '2021-12-17 01:10:01', '2021-12-17 01:10:01'),
(23, 3, 4320, 8256, '2021-12-17', 0, '2021-12-17 01:14:01', '2021-12-17 01:14:01'),
(24, 4, 720, 3519, '2021-12-17', 0, '2021-12-17 01:14:01', '2021-12-17 01:14:01'),
(25, 5, 180, 2859, '2021-12-17', 0, '2021-12-17 01:14:01', '2021-12-17 01:14:01'),
(26, 6, 270, 1857, '2021-12-17', 0, '2021-12-17 01:14:01', '2021-12-17 01:14:01'),
(27, 7, 120, 4385, '2021-12-17', 0, '2021-12-17 01:14:01', '2021-12-17 01:14:01'),
(28, 2, 120000, 6275, '2021-12-17', 0, '2021-12-17 01:20:02', '2021-12-17 01:20:02'),
(29, 1, 300000, 2719, '2021-12-17', 0, '2021-12-17 01:40:02', '2021-12-17 01:40:02'),
(30, 3, 4320, 7263, '2021-12-17', 0, '2021-12-17 01:44:02', '2021-12-17 01:44:02'),
(31, 4, 720, 4375, '2021-12-17', 0, '2021-12-17 01:44:02', '2021-12-17 01:44:02'),
(32, 5, 180, 5690, '2021-12-17', 0, '2021-12-17 01:44:02', '2021-12-17 01:44:02'),
(33, 6, 270, 1754, '2021-12-17', 0, '2021-12-17 01:44:02', '2021-12-17 01:44:02'),
(34, 7, 120, 4396, '2021-12-17', 0, '2021-12-17 01:44:02', '2021-12-17 01:44:02'),
(35, 2, 120000, 6506, '2021-12-17', 0, '2021-12-17 01:50:02', '2021-12-17 01:50:02'),
(36, 1, 300000, 6269, '2021-12-18', 0, '2021-12-18 01:10:02', '2021-12-18 01:10:02'),
(37, 3, 4320, 6550, '2021-12-18', 0, '2021-12-18 01:14:02', '2021-12-18 01:14:02'),
(38, 4, 720, 4568, '2021-12-18', 0, '2021-12-18 01:14:02', '2021-12-18 01:14:02'),
(39, 5, 180, 1824, '2021-12-18', 0, '2021-12-18 01:14:02', '2021-12-18 01:14:02'),
(40, 6, 270, 2935, '2021-12-18', 0, '2021-12-18 01:14:02', '2021-12-18 01:14:02'),
(41, 7, 120, 9877, '2021-12-18', 0, '2021-12-18 01:14:02', '2021-12-18 01:14:02'),
(42, 2, 120000, 9383, '2021-12-18', 0, '2021-12-18 01:20:02', '2021-12-18 01:20:02'),
(43, 1, 300000, 9590, '2021-12-18', 0, '2021-12-18 01:40:02', '2021-12-18 01:40:02'),
(44, 3, 4320, 6228, '2021-12-18', 0, '2021-12-18 01:44:01', '2021-12-18 01:44:01'),
(45, 4, 720, 8339, '2021-12-18', 0, '2021-12-18 01:44:01', '2021-12-18 01:44:01'),
(46, 5, 180, 9508, '2021-12-18', 0, '2021-12-18 01:44:01', '2021-12-18 01:44:01'),
(47, 6, 270, 3619, '2021-12-18', 0, '2021-12-18 01:44:01', '2021-12-18 01:44:01'),
(48, 7, 120, 1763, '2021-12-18', 0, '2021-12-18 01:44:01', '2021-12-18 01:44:01'),
(49, 2, 120000, 4393, '2021-12-18', 0, '2021-12-18 01:50:02', '2021-12-18 01:50:02'),
(50, 1, 300000, 9004, '2021-12-19', 0, '2021-12-19 01:10:02', '2021-12-19 01:10:02'),
(51, 3, 4320, 8208, '2021-12-19', 0, '2021-12-19 01:14:01', '2021-12-19 01:14:01'),
(52, 4, 720, 2510, '2021-12-19', 0, '2021-12-19 01:14:01', '2021-12-19 01:14:01'),
(53, 5, 180, 2542, '2021-12-19', 0, '2021-12-19 01:14:01', '2021-12-19 01:14:01'),
(54, 6, 270, 3509, '2021-12-19', 0, '2021-12-19 01:14:01', '2021-12-19 01:14:01'),
(55, 7, 120, 7838, '2021-12-19', 0, '2021-12-19 01:14:01', '2021-12-19 01:14:01'),
(56, 2, 120000, 6899, '2021-12-19', 0, '2021-12-19 01:20:02', '2021-12-19 01:20:02'),
(57, 1, 300000, 1680, '2021-12-19', 0, '2021-12-19 01:40:02', '2021-12-19 01:40:02'),
(58, 3, 4320, 6999, '2021-12-19', 0, '2021-12-19 01:44:01', '2021-12-19 01:44:01'),
(59, 4, 720, 2403, '2021-12-19', 0, '2021-12-19 01:44:01', '2021-12-19 01:44:01'),
(60, 5, 180, 8983, '2021-12-19', 0, '2021-12-19 01:44:01', '2021-12-19 01:44:01'),
(61, 6, 270, 7049, '2021-12-19', 0, '2021-12-19 01:44:01', '2021-12-19 01:44:01'),
(62, 7, 120, 5348, '2021-12-19', 0, '2021-12-19 01:44:01', '2021-12-19 01:44:01'),
(63, 2, 120000, 1037, '2021-12-19', 0, '2021-12-19 01:50:02', '2021-12-19 01:50:02'),
(64, 1, 300000, 2585, '2021-12-20', 0, '2021-12-20 01:10:02', '2021-12-20 01:10:02'),
(65, 3, 4320, 6784, '2021-12-20', 0, '2021-12-20 01:14:01', '2021-12-20 01:14:01'),
(66, 4, 720, 1926, '2021-12-20', 0, '2021-12-20 01:14:01', '2021-12-20 01:14:01'),
(67, 5, 180, 1422, '2021-12-20', 0, '2021-12-20 01:14:01', '2021-12-20 01:14:01'),
(68, 6, 270, 6574, '2021-12-20', 0, '2021-12-20 01:14:01', '2021-12-20 01:14:01'),
(69, 7, 120, 1586, '2021-12-20', 0, '2021-12-20 01:14:01', '2021-12-20 01:14:01'),
(70, 2, 120000, 5325, '2021-12-20', 0, '2021-12-20 01:20:02', '2021-12-20 01:20:02'),
(71, 1, 300000, 8297, '2021-12-20', 0, '2021-12-20 01:40:01', '2021-12-20 01:40:01'),
(72, 3, 4320, 6998, '2021-12-20', 0, '2021-12-20 01:44:01', '2021-12-20 01:44:01'),
(73, 4, 720, 8883, '2021-12-20', 0, '2021-12-20 01:44:01', '2021-12-20 01:44:01'),
(74, 5, 180, 7933, '2021-12-20', 0, '2021-12-20 01:44:01', '2021-12-20 01:44:01'),
(75, 6, 270, 5534, '2021-12-20', 0, '2021-12-20 01:44:01', '2021-12-20 01:44:01'),
(76, 7, 120, 3240, '2021-12-20', 0, '2021-12-20 01:44:01', '2021-12-20 01:44:01'),
(77, 2, 120000, 9485, '2021-12-20', 0, '2021-12-20 01:50:02', '2021-12-20 01:50:02'),
(78, 1, 300000, 3546, '2021-12-21', 0, '2021-12-21 01:10:01', '2021-12-21 01:10:01'),
(79, 3, 4320, 7208, '2021-12-21', 0, '2021-12-21 01:14:01', '2021-12-21 01:14:01'),
(80, 4, 720, 6606, '2021-12-21', 0, '2021-12-21 01:14:01', '2021-12-21 01:14:01'),
(81, 5, 180, 4706, '2021-12-21', 0, '2021-12-21 01:14:01', '2021-12-21 01:14:01'),
(82, 6, 270, 2430, '2021-12-21', 0, '2021-12-21 01:14:01', '2021-12-21 01:14:01'),
(83, 7, 120, 2338, '2021-12-21', 0, '2021-12-21 01:14:01', '2021-12-21 01:14:01'),
(84, 2, 120000, 4689, '2021-12-21', 0, '2021-12-21 01:20:02', '2021-12-21 01:20:02'),
(85, 1, 300000, 1494, '2021-12-21', 0, '2021-12-21 01:40:02', '2021-12-21 01:40:02'),
(86, 3, 4320, 8364, '2021-12-21', 0, '2021-12-21 01:44:01', '2021-12-21 01:44:01'),
(87, 4, 720, 4234, '2021-12-21', 0, '2021-12-21 01:44:01', '2021-12-21 01:44:01'),
(88, 5, 180, 1184, '2021-12-21', 0, '2021-12-21 01:44:01', '2021-12-21 01:44:01'),
(89, 6, 270, 1221, '2021-12-21', 0, '2021-12-21 01:44:01', '2021-12-21 01:44:01'),
(90, 7, 120, 7524, '2021-12-21', 0, '2021-12-21 01:44:01', '2021-12-21 01:44:01'),
(91, 2, 120000, 5809, '2021-12-21', 0, '2021-12-21 01:50:02', '2021-12-21 01:50:02'),
(92, 1, 300000, 5792, '2021-12-22', 0, '2021-12-22 01:10:02', '2021-12-22 01:10:02'),
(93, 3, 4320, 8157, '2021-12-22', 0, '2021-12-22 01:14:02', '2021-12-22 01:14:02'),
(94, 4, 720, 2966, '2021-12-22', 0, '2021-12-22 01:14:02', '2021-12-22 01:14:02'),
(95, 5, 180, 1016, '2021-12-22', 0, '2021-12-22 01:14:02', '2021-12-22 01:14:02'),
(96, 6, 270, 2064, '2021-12-22', 0, '2021-12-22 01:14:02', '2021-12-22 01:14:02'),
(97, 7, 120, 6671, '2021-12-22', 0, '2021-12-22 01:14:02', '2021-12-22 01:14:02'),
(98, 2, 120000, 4422, '2021-12-22', 0, '2021-12-22 01:20:01', '2021-12-22 01:20:01'),
(99, 1, 300000, 8968, '2021-12-22', 0, '2021-12-22 01:40:02', '2021-12-22 01:40:02'),
(100, 3, 4320, 8439, '2021-12-22', 0, '2021-12-22 01:44:01', '2021-12-22 01:44:01'),
(101, 4, 720, 8391, '2021-12-22', 0, '2021-12-22 01:44:01', '2021-12-22 01:44:01'),
(102, 5, 180, 6486, '2021-12-22', 0, '2021-12-22 01:44:01', '2021-12-22 01:44:01'),
(103, 6, 270, 3350, '2021-12-22', 0, '2021-12-22 01:44:01', '2021-12-22 01:44:01'),
(104, 7, 120, 1075, '2021-12-22', 0, '2021-12-22 01:44:01', '2021-12-22 01:44:01'),
(105, 2, 120000, 8908, '2021-12-22', 0, '2021-12-22 01:50:02', '2021-12-22 01:50:02'),
(106, 1, 300000, 1559, '2021-12-23', 0, '2021-12-23 01:10:02', '2021-12-23 01:10:02'),
(107, 3, 4320, 8073, '2021-12-23', 0, '2021-12-23 01:14:01', '2021-12-23 01:14:01'),
(108, 4, 720, 4689, '2021-12-23', 0, '2021-12-23 01:14:01', '2021-12-23 01:14:01'),
(109, 5, 180, 5756, '2021-12-23', 0, '2021-12-23 01:14:01', '2021-12-23 01:14:01'),
(110, 6, 270, 8660, '2021-12-23', 0, '2021-12-23 01:14:01', '2021-12-23 01:14:01'),
(111, 7, 120, 3758, '2021-12-23', 0, '2021-12-23 01:14:01', '2021-12-23 01:14:01'),
(112, 2, 120000, 2396, '2021-12-23', 0, '2021-12-23 01:20:01', '2021-12-23 01:20:01'),
(113, 1, 300000, 8730, '2021-12-23', 0, '2021-12-23 01:40:02', '2021-12-23 01:40:02'),
(114, 3, 4320, 8053, '2021-12-23', 0, '2021-12-23 01:44:02', '2021-12-23 01:44:02'),
(115, 4, 720, 6299, '2021-12-23', 0, '2021-12-23 01:44:02', '2021-12-23 01:44:02'),
(116, 5, 180, 9297, '2021-12-23', 0, '2021-12-23 01:44:02', '2021-12-23 01:44:02'),
(117, 6, 270, 7864, '2021-12-23', 0, '2021-12-23 01:44:02', '2021-12-23 01:44:02'),
(118, 7, 120, 7138, '2021-12-23', 0, '2021-12-23 01:44:02', '2021-12-23 01:44:02'),
(119, 2, 120000, 6301, '2021-12-23', 0, '2021-12-23 01:50:02', '2021-12-23 01:50:02'),
(120, 1, 300000, 3541, '2021-12-25', 0, '2021-12-25 01:10:02', '2021-12-25 01:10:02'),
(121, 3, 4320, 4748, '2021-12-25', 0, '2021-12-25 01:14:02', '2021-12-25 01:14:02'),
(122, 4, 720, 4511, '2021-12-25', 0, '2021-12-25 01:14:02', '2021-12-25 01:14:02'),
(123, 5, 180, 7917, '2021-12-25', 0, '2021-12-25 01:14:02', '2021-12-25 01:14:02'),
(124, 6, 270, 6329, '2021-12-25', 0, '2021-12-25 01:14:02', '2021-12-25 01:14:02'),
(125, 7, 120, 1310, '2021-12-25', 0, '2021-12-25 01:14:02', '2021-12-25 01:14:02'),
(126, 2, 120000, 8183, '2021-12-25', 0, '2021-12-25 01:20:01', '2021-12-25 01:20:01'),
(127, 1, 300000, 5646, '2021-12-25', 0, '2021-12-25 01:40:01', '2021-12-25 01:40:01'),
(128, 3, 4320, 6857, '2021-12-25', 0, '2021-12-25 01:44:01', '2021-12-25 01:44:01'),
(129, 4, 720, 2076, '2021-12-25', 0, '2021-12-25 01:44:01', '2021-12-25 01:44:01'),
(130, 5, 180, 4038, '2021-12-25', 0, '2021-12-25 01:44:01', '2021-12-25 01:44:01'),
(131, 6, 270, 3573, '2021-12-25', 0, '2021-12-25 01:44:01', '2021-12-25 01:44:01'),
(132, 7, 120, 6127, '2021-12-25', 0, '2021-12-25 01:44:01', '2021-12-25 01:44:01'),
(133, 2, 120000, 7762, '2021-12-25', 0, '2021-12-25 01:50:02', '2021-12-25 01:50:02'),
(134, 1, 300000, 7213, '2021-12-26', 0, '2021-12-26 01:10:02', '2021-12-26 01:10:02'),
(135, 3, 4320, 5992, '2021-12-26', 0, '2021-12-26 01:14:01', '2021-12-26 01:14:01'),
(136, 4, 720, 6138, '2021-12-26', 0, '2021-12-26 01:14:01', '2021-12-26 01:14:01'),
(137, 5, 180, 9254, '2021-12-26', 0, '2021-12-26 01:14:01', '2021-12-26 01:14:01'),
(138, 6, 270, 2589, '2021-12-26', 0, '2021-12-26 01:14:01', '2021-12-26 01:14:01'),
(139, 7, 120, 9186, '2021-12-26', 0, '2021-12-26 01:14:01', '2021-12-26 01:14:01'),
(140, 2, 120000, 5965, '2021-12-26', 0, '2021-12-26 01:20:02', '2021-12-26 01:20:02'),
(141, 1, 300000, 7756, '2021-12-26', 0, '2021-12-26 01:40:02', '2021-12-26 01:40:02'),
(142, 3, 4320, 2513, '2021-12-26', 0, '2021-12-26 01:44:01', '2021-12-26 01:44:01'),
(143, 4, 720, 4005, '2021-12-26', 0, '2021-12-26 01:44:01', '2021-12-26 01:44:01'),
(144, 5, 180, 3079, '2021-12-26', 0, '2021-12-26 01:44:01', '2021-12-26 01:44:01'),
(145, 6, 270, 1914, '2021-12-26', 0, '2021-12-26 01:44:01', '2021-12-26 01:44:01'),
(146, 7, 120, 4079, '2021-12-26', 0, '2021-12-26 01:44:01', '2021-12-26 01:44:01'),
(147, 2, 120000, 6645, '2021-12-26', 0, '2021-12-26 01:50:01', '2021-12-26 01:50:01'),
(148, 1, 300000, 2499, '2021-12-27', 0, '2021-12-27 01:10:02', '2021-12-27 01:10:02'),
(149, 3, 4320, 4068, '2021-12-27', 0, '2021-12-27 01:14:02', '2021-12-27 01:14:02'),
(150, 4, 720, 5842, '2021-12-27', 0, '2021-12-27 01:14:02', '2021-12-27 01:14:02'),
(151, 5, 180, 2240, '2021-12-27', 0, '2021-12-27 01:14:02', '2021-12-27 01:14:02'),
(152, 6, 270, 6444, '2021-12-27', 0, '2021-12-27 01:14:02', '2021-12-27 01:14:02'),
(153, 7, 120, 3491, '2021-12-27', 0, '2021-12-27 01:14:02', '2021-12-27 01:14:02'),
(154, 2, 120000, 9558, '2021-12-27', 0, '2021-12-27 01:20:02', '2021-12-27 01:20:02'),
(155, 1, 300000, 5516, '2021-12-27', 0, '2021-12-27 01:40:01', '2021-12-27 01:40:01'),
(156, 3, 4320, 3959, '2021-12-27', 0, '2021-12-27 01:44:02', '2021-12-27 01:44:02'),
(157, 4, 720, 2704, '2021-12-27', 0, '2021-12-27 01:44:02', '2021-12-27 01:44:02'),
(158, 5, 180, 7152, '2021-12-27', 0, '2021-12-27 01:44:02', '2021-12-27 01:44:02'),
(159, 6, 270, 1421, '2021-12-27', 0, '2021-12-27 01:44:02', '2021-12-27 01:44:02'),
(160, 7, 120, 1417, '2021-12-27', 0, '2021-12-27 01:44:02', '2021-12-27 01:44:02'),
(161, 2, 120000, 1895, '2021-12-27', 0, '2021-12-27 01:50:02', '2021-12-27 01:50:02'),
(162, 1, 300000, 4095, '2021-12-28', 0, '2021-12-28 01:10:01', '2021-12-28 01:10:01'),
(163, 3, 4320, 7961, '2021-12-28', 0, '2021-12-28 01:14:02', '2021-12-28 01:14:02'),
(164, 4, 720, 8479, '2021-12-28', 0, '2021-12-28 01:14:02', '2021-12-28 01:14:02'),
(165, 5, 180, 1653, '2021-12-28', 0, '2021-12-28 01:14:02', '2021-12-28 01:14:02'),
(166, 6, 270, 3004, '2021-12-28', 0, '2021-12-28 01:14:02', '2021-12-28 01:14:02'),
(167, 7, 120, 6493, '2021-12-28', 0, '2021-12-28 01:14:02', '2021-12-28 01:14:02'),
(168, 2, 120000, 5216, '2021-12-28', 0, '2021-12-28 01:20:02', '2021-12-28 01:20:02'),
(169, 1, 300000, 5099, '2021-12-28', 0, '2021-12-28 01:40:01', '2021-12-28 01:40:01'),
(170, 3, 4320, 9691, '2021-12-28', 0, '2021-12-28 01:44:01', '2021-12-28 01:44:01'),
(171, 4, 720, 9229, '2021-12-28', 0, '2021-12-28 01:44:01', '2021-12-28 01:44:01'),
(172, 5, 180, 1199, '2021-12-28', 0, '2021-12-28 01:44:01', '2021-12-28 01:44:01'),
(173, 6, 270, 6637, '2021-12-28', 0, '2021-12-28 01:44:01', '2021-12-28 01:44:01'),
(174, 7, 120, 5809, '2021-12-28', 0, '2021-12-28 01:44:01', '2021-12-28 01:44:01'),
(175, 2, 120000, 2691, '2021-12-28', 0, '2021-12-28 01:50:01', '2021-12-28 01:50:01'),
(176, 1, 300000, 3284, '2021-12-29', 0, '2021-12-29 01:10:02', '2021-12-29 01:10:02'),
(177, 3, 4320, 5727, '2021-12-29', 0, '2021-12-29 01:14:02', '2021-12-29 01:14:02'),
(178, 4, 720, 1406, '2021-12-29', 0, '2021-12-29 01:14:02', '2021-12-29 01:14:02'),
(179, 5, 180, 5295, '2021-12-29', 0, '2021-12-29 01:14:02', '2021-12-29 01:14:02'),
(180, 6, 270, 1284, '2021-12-29', 0, '2021-12-29 01:14:02', '2021-12-29 01:14:02'),
(181, 7, 120, 1759, '2021-12-29', 0, '2021-12-29 01:14:02', '2021-12-29 01:14:02'),
(182, 2, 120000, 3275, '2021-12-29', 0, '2021-12-29 01:20:02', '2021-12-29 01:20:02'),
(183, 1, 300000, 6464, '2021-12-29', 0, '2021-12-29 01:40:01', '2021-12-29 01:40:01'),
(184, 3, 4320, 5777, '2021-12-29', 0, '2021-12-29 01:44:02', '2021-12-29 01:44:02'),
(185, 4, 720, 9116, '2021-12-29', 0, '2021-12-29 01:44:02', '2021-12-29 01:44:02'),
(186, 5, 180, 2235, '2021-12-29', 0, '2021-12-29 01:44:02', '2021-12-29 01:44:02'),
(187, 6, 270, 8117, '2021-12-29', 0, '2021-12-29 01:44:02', '2021-12-29 01:44:02'),
(188, 7, 120, 8666, '2021-12-29', 0, '2021-12-29 01:44:02', '2021-12-29 01:44:02'),
(189, 2, 120000, 9546, '2021-12-29', 0, '2021-12-29 01:50:02', '2021-12-29 01:50:02'),
(190, 1, 300000, 3848, '2021-12-30', 0, '2021-12-30 01:10:02', '2021-12-30 01:10:02'),
(191, 3, 4320, 3183, '2021-12-30', 0, '2021-12-30 01:14:01', '2021-12-30 01:14:01'),
(192, 4, 720, 5263, '2021-12-30', 0, '2021-12-30 01:14:01', '2021-12-30 01:14:01'),
(193, 5, 180, 8083, '2021-12-30', 0, '2021-12-30 01:14:01', '2021-12-30 01:14:01'),
(194, 6, 270, 7356, '2021-12-30', 0, '2021-12-30 01:14:01', '2021-12-30 01:14:01'),
(195, 7, 120, 5247, '2021-12-30', 0, '2021-12-30 01:14:01', '2021-12-30 01:14:01'),
(196, 2, 120000, 1365, '2021-12-30', 0, '2021-12-30 01:20:02', '2021-12-30 01:20:02'),
(197, 1, 300000, 2416, '2021-12-30', 0, '2021-12-30 01:40:01', '2021-12-30 01:40:01'),
(198, 3, 4320, 4420, '2021-12-30', 0, '2021-12-30 01:44:01', '2021-12-30 01:44:01'),
(199, 4, 720, 1789, '2021-12-30', 0, '2021-12-30 01:44:01', '2021-12-30 01:44:01'),
(200, 5, 180, 8280, '2021-12-30', 0, '2021-12-30 01:44:01', '2021-12-30 01:44:01'),
(201, 6, 270, 9923, '2021-12-30', 0, '2021-12-30 01:44:01', '2021-12-30 01:44:01'),
(202, 7, 120, 1815, '2021-12-30', 0, '2021-12-30 01:44:01', '2021-12-30 01:44:01'),
(203, 2, 120000, 4605, '2021-12-30', 0, '2021-12-30 01:50:01', '2021-12-30 01:50:01'),
(204, 1, 300000, 5563, '2021-12-31', 0, '2021-12-31 01:10:02', '2021-12-31 01:10:02'),
(205, 3, 4320, 6514, '2021-12-31', 0, '2021-12-31 01:14:01', '2021-12-31 01:14:01'),
(206, 4, 720, 5793, '2021-12-31', 0, '2021-12-31 01:14:01', '2021-12-31 01:14:01'),
(207, 5, 180, 4021, '2021-12-31', 0, '2021-12-31 01:14:01', '2021-12-31 01:14:01'),
(208, 6, 270, 8976, '2021-12-31', 0, '2021-12-31 01:14:01', '2021-12-31 01:14:01'),
(209, 7, 120, 9957, '2021-12-31', 0, '2021-12-31 01:14:01', '2021-12-31 01:14:01'),
(210, 2, 120000, 1444, '2021-12-31', 0, '2021-12-31 01:20:02', '2021-12-31 01:20:02'),
(211, 1, 300000, 9426, '2021-12-31', 0, '2021-12-31 01:40:02', '2021-12-31 01:40:02'),
(212, 3, 4320, 7003, '2021-12-31', 0, '2021-12-31 01:44:01', '2021-12-31 01:44:01'),
(213, 4, 720, 5325, '2021-12-31', 0, '2021-12-31 01:44:01', '2021-12-31 01:44:01'),
(214, 5, 180, 2696, '2021-12-31', 0, '2021-12-31 01:44:01', '2021-12-31 01:44:01'),
(215, 6, 270, 3907, '2021-12-31', 0, '2021-12-31 01:44:01', '2021-12-31 01:44:01'),
(216, 7, 120, 1434, '2021-12-31', 0, '2021-12-31 01:44:01', '2021-12-31 01:44:01'),
(217, 2, 120000, 5089, '2021-12-31', 0, '2021-12-31 01:50:01', '2021-12-31 01:50:01'),
(218, 1, 300000, 1709, '2022-01-01', 0, '2022-01-01 01:10:02', '2022-01-01 01:10:02'),
(219, 3, 4320, 7288, '2022-01-01', 0, '2022-01-01 01:14:01', '2022-01-01 01:14:01'),
(220, 4, 720, 1052, '2022-01-01', 0, '2022-01-01 01:14:01', '2022-01-01 01:14:01'),
(221, 5, 180, 6882, '2022-01-01', 0, '2022-01-01 01:14:01', '2022-01-01 01:14:01'),
(222, 6, 270, 5200, '2022-01-01', 0, '2022-01-01 01:14:01', '2022-01-01 01:14:01'),
(223, 7, 120, 7311, '2022-01-01', 0, '2022-01-01 01:14:01', '2022-01-01 01:14:01'),
(224, 2, 120000, 2618, '2022-01-01', 0, '2022-01-01 01:20:02', '2022-01-01 01:20:02'),
(225, 1, 300000, 3570, '2022-01-01', 0, '2022-01-01 01:40:01', '2022-01-01 01:40:01'),
(226, 3, 4320, 1211, '2022-01-01', 0, '2022-01-01 01:44:02', '2022-01-01 01:44:02'),
(227, 4, 720, 2688, '2022-01-01', 0, '2022-01-01 01:44:02', '2022-01-01 01:44:02'),
(228, 5, 180, 8933, '2022-01-01', 0, '2022-01-01 01:44:02', '2022-01-01 01:44:02'),
(229, 6, 270, 8597, '2022-01-01', 0, '2022-01-01 01:44:02', '2022-01-01 01:44:02'),
(230, 7, 120, 9737, '2022-01-01', 0, '2022-01-01 01:44:02', '2022-01-01 01:44:02'),
(231, 2, 120000, 4320, '2022-01-01', 0, '2022-01-01 01:50:02', '2022-01-01 01:50:02'),
(232, 1, 300000, 5134, '2022-01-02', 0, '2022-01-02 01:10:02', '2022-01-02 01:10:02'),
(233, 3, 4320, 6597, '2022-01-02', 0, '2022-01-02 01:14:02', '2022-01-02 01:14:02'),
(234, 4, 720, 6648, '2022-01-02', 0, '2022-01-02 01:14:02', '2022-01-02 01:14:02'),
(235, 5, 180, 9146, '2022-01-02', 0, '2022-01-02 01:14:02', '2022-01-02 01:14:02'),
(236, 6, 270, 6396, '2022-01-02', 0, '2022-01-02 01:14:02', '2022-01-02 01:14:02'),
(237, 7, 120, 5382, '2022-01-02', 0, '2022-01-02 01:14:02', '2022-01-02 01:14:02'),
(238, 2, 120000, 9846, '2022-01-02', 0, '2022-01-02 01:20:02', '2022-01-02 01:20:02'),
(239, 1, 300000, 6624, '2022-01-02', 0, '2022-01-02 01:40:02', '2022-01-02 01:40:02'),
(240, 3, 4320, 7273, '2022-01-02', 0, '2022-01-02 01:44:02', '2022-01-02 01:44:02'),
(241, 4, 720, 3994, '2022-01-02', 0, '2022-01-02 01:44:02', '2022-01-02 01:44:02'),
(242, 5, 180, 2652, '2022-01-02', 0, '2022-01-02 01:44:02', '2022-01-02 01:44:02'),
(243, 6, 270, 4535, '2022-01-02', 0, '2022-01-02 01:44:02', '2022-01-02 01:44:02'),
(244, 7, 120, 8626, '2022-01-02', 0, '2022-01-02 01:44:02', '2022-01-02 01:44:02'),
(245, 2, 120000, 8099, '2022-01-02', 0, '2022-01-02 01:50:02', '2022-01-02 01:50:02'),
(246, 1, 300000, 2829, '2022-01-03', 0, '2022-01-03 01:10:01', '2022-01-03 01:10:01'),
(247, 3, 4320, 4928, '2022-01-03', 0, '2022-01-03 01:14:02', '2022-01-03 01:14:02'),
(248, 4, 720, 2063, '2022-01-03', 0, '2022-01-03 01:14:02', '2022-01-03 01:14:02'),
(249, 5, 180, 5972, '2022-01-03', 0, '2022-01-03 01:14:02', '2022-01-03 01:14:02'),
(250, 6, 270, 4841, '2022-01-03', 0, '2022-01-03 01:14:02', '2022-01-03 01:14:02'),
(251, 7, 120, 7820, '2022-01-03', 0, '2022-01-03 01:14:02', '2022-01-03 01:14:02'),
(252, 2, 120000, 3393, '2022-01-03', 0, '2022-01-03 01:20:01', '2022-01-03 01:20:01'),
(253, 1, 300000, 2683, '2022-01-03', 0, '2022-01-03 01:40:02', '2022-01-03 01:40:02'),
(254, 3, 4320, 3769, '2022-01-03', 0, '2022-01-03 01:44:01', '2022-01-03 01:44:01'),
(255, 4, 720, 4965, '2022-01-03', 0, '2022-01-03 01:44:01', '2022-01-03 01:44:01'),
(256, 5, 180, 5376, '2022-01-03', 0, '2022-01-03 01:44:01', '2022-01-03 01:44:01'),
(257, 6, 270, 9463, '2022-01-03', 0, '2022-01-03 01:44:01', '2022-01-03 01:44:01'),
(258, 7, 120, 7331, '2022-01-03', 0, '2022-01-03 01:44:01', '2022-01-03 01:44:01'),
(259, 2, 120000, 7582, '2022-01-03', 0, '2022-01-03 01:50:02', '2022-01-03 01:50:02'),
(260, 1, 300000, 6318, '2022-01-04', 0, '2022-01-04 01:10:02', '2022-01-04 01:10:02'),
(261, 3, 4320, 1981, '2022-01-04', 0, '2022-01-04 01:14:01', '2022-01-04 01:14:01'),
(262, 4, 720, 6924, '2022-01-04', 0, '2022-01-04 01:14:01', '2022-01-04 01:14:01'),
(263, 5, 180, 8028, '2022-01-04', 0, '2022-01-04 01:14:01', '2022-01-04 01:14:01'),
(264, 6, 270, 6816, '2022-01-04', 0, '2022-01-04 01:14:01', '2022-01-04 01:14:01'),
(265, 7, 120, 5905, '2022-01-04', 0, '2022-01-04 01:14:01', '2022-01-04 01:14:01'),
(266, 2, 120000, 2118, '2022-01-04', 0, '2022-01-04 01:20:01', '2022-01-04 01:20:01'),
(267, 8, 300000, 7331, '2022-01-04', 0, '2022-01-04 01:29:01', '2022-01-04 01:29:01'),
(268, 9, 240000, 2425, '2022-01-04', 0, '2022-01-04 01:29:01', '2022-01-04 01:29:01'),
(269, 10, 360000, 8825, '2022-01-04', 0, '2022-01-04 01:29:01', '2022-01-04 01:29:01'),
(270, 1, 300000, 1875, '2022-01-04', 0, '2022-01-04 01:40:02', '2022-01-04 01:40:02'),
(271, 3, 4320, 6324, '2022-01-04', 0, '2022-01-04 01:44:01', '2022-01-04 01:44:01'),
(272, 4, 720, 6369, '2022-01-04', 0, '2022-01-04 01:44:01', '2022-01-04 01:44:01'),
(273, 5, 180, 8145, '2022-01-04', 0, '2022-01-04 01:44:01', '2022-01-04 01:44:01'),
(274, 6, 270, 1962, '2022-01-04', 0, '2022-01-04 01:44:01', '2022-01-04 01:44:01'),
(275, 7, 120, 9464, '2022-01-04', 0, '2022-01-04 01:44:01', '2022-01-04 01:44:01'),
(276, 2, 120000, 6616, '2022-01-04', 0, '2022-01-04 01:50:01', '2022-01-04 01:50:01'),
(277, 8, 300000, 1403, '2022-01-04', 0, '2022-01-04 01:59:01', '2022-01-04 01:59:01'),
(278, 9, 240000, 9105, '2022-01-04', 0, '2022-01-04 01:59:01', '2022-01-04 01:59:01'),
(279, 10, 360000, 8428, '2022-01-04', 0, '2022-01-04 01:59:01', '2022-01-04 01:59:01'),
(280, 1, 300000, 1943, '2022-01-04', 0, '2022-01-04 12:39:33', '2022-01-04 12:39:33'),
(281, 1, 300000, 9668, '2022-01-05', 0, '2022-01-05 01:10:02', '2022-01-05 01:10:02'),
(282, 3, 4320, 2582, '2022-01-05', 0, '2022-01-05 01:14:01', '2022-01-05 01:14:01'),
(283, 4, 720, 3939, '2022-01-05', 0, '2022-01-05 01:14:01', '2022-01-05 01:14:01'),
(284, 5, 180, 3256, '2022-01-05', 0, '2022-01-05 01:14:01', '2022-01-05 01:14:01'),
(285, 6, 270, 4537, '2022-01-05', 0, '2022-01-05 01:14:01', '2022-01-05 01:14:01'),
(286, 7, 120, 9089, '2022-01-05', 0, '2022-01-05 01:14:01', '2022-01-05 01:14:01'),
(287, 2, 120000, 1358, '2022-01-05', 0, '2022-01-05 01:20:02', '2022-01-05 01:20:02'),
(288, 8, 300000, 9024, '2022-01-05', 0, '2022-01-05 01:29:01', '2022-01-05 01:29:01'),
(289, 9, 240000, 6768, '2022-01-05', 0, '2022-01-05 01:29:01', '2022-01-05 01:29:01'),
(290, 10, 360000, 1507, '2022-01-05', 0, '2022-01-05 01:29:01', '2022-01-05 01:29:01'),
(291, 1, 300000, 1209, '2022-01-05', 0, '2022-01-05 01:40:02', '2022-01-05 01:40:02'),
(292, 3, 4320, 5051, '2022-01-05', 0, '2022-01-05 01:44:01', '2022-01-05 01:44:01'),
(293, 4, 720, 8433, '2022-01-05', 0, '2022-01-05 01:44:01', '2022-01-05 01:44:01'),
(294, 5, 180, 3637, '2022-01-05', 0, '2022-01-05 01:44:01', '2022-01-05 01:44:01'),
(295, 6, 270, 3121, '2022-01-05', 0, '2022-01-05 01:44:01', '2022-01-05 01:44:01'),
(296, 7, 120, 2294, '2022-01-05', 0, '2022-01-05 01:44:01', '2022-01-05 01:44:01'),
(297, 2, 120000, 7192, '2022-01-05', 0, '2022-01-05 01:50:02', '2022-01-05 01:50:02'),
(298, 8, 300000, 3390, '2022-01-05', 0, '2022-01-05 01:59:01', '2022-01-05 01:59:01'),
(299, 9, 240000, 6748, '2022-01-05', 0, '2022-01-05 01:59:01', '2022-01-05 01:59:01'),
(300, 10, 360000, 1093, '2022-01-05', 0, '2022-01-05 01:59:01', '2022-01-05 01:59:01'),
(301, 1, 300000, 3864, '2022-01-06', 0, '2022-01-06 01:10:01', '2022-01-06 01:10:01'),
(302, 3, 4320, 8681, '2022-01-06', 0, '2022-01-06 01:14:01', '2022-01-06 01:14:01'),
(303, 4, 720, 3001, '2022-01-06', 0, '2022-01-06 01:14:01', '2022-01-06 01:14:01'),
(304, 5, 180, 1923, '2022-01-06', 0, '2022-01-06 01:14:01', '2022-01-06 01:14:01'),
(305, 6, 270, 2011, '2022-01-06', 0, '2022-01-06 01:14:01', '2022-01-06 01:14:01'),
(306, 7, 120, 8595, '2022-01-06', 0, '2022-01-06 01:14:01', '2022-01-06 01:14:01'),
(307, 2, 120000, 5012, '2022-01-06', 0, '2022-01-06 01:20:01', '2022-01-06 01:20:01'),
(308, 8, 300000, 5271, '2022-01-06', 0, '2022-01-06 01:29:02', '2022-01-06 01:29:02'),
(309, 9, 240000, 1002, '2022-01-06', 0, '2022-01-06 01:29:02', '2022-01-06 01:29:02'),
(310, 10, 360000, 2584, '2022-01-06', 0, '2022-01-06 01:29:02', '2022-01-06 01:29:02'),
(311, 1, 300000, 2133, '2022-01-06', 0, '2022-01-06 01:40:02', '2022-01-06 01:40:02'),
(312, 3, 4320, 5665, '2022-01-06', 0, '2022-01-06 01:44:02', '2022-01-06 01:44:02'),
(313, 4, 720, 4211, '2022-01-06', 0, '2022-01-06 01:44:02', '2022-01-06 01:44:02'),
(314, 5, 180, 4596, '2022-01-06', 0, '2022-01-06 01:44:02', '2022-01-06 01:44:02'),
(315, 6, 270, 6347, '2022-01-06', 0, '2022-01-06 01:44:02', '2022-01-06 01:44:02'),
(316, 7, 120, 8808, '2022-01-06', 0, '2022-01-06 01:44:02', '2022-01-06 01:44:02'),
(317, 2, 120000, 1279, '2022-01-06', 0, '2022-01-06 01:50:02', '2022-01-06 01:50:02'),
(318, 8, 300000, 2030, '2022-01-06', 0, '2022-01-06 01:59:02', '2022-01-06 01:59:02'),
(319, 9, 240000, 6487, '2022-01-06', 0, '2022-01-06 01:59:02', '2022-01-06 01:59:02'),
(320, 10, 360000, 1957, '2022-01-06', 0, '2022-01-06 01:59:02', '2022-01-06 01:59:02'),
(321, 1, 300000, 6072, '2022-01-07', 0, '2022-01-07 01:10:02', '2022-01-07 01:10:02'),
(322, 3, 4320, 8529, '2022-01-07', 0, '2022-01-07 01:14:01', '2022-01-07 01:14:01'),
(323, 4, 720, 2206, '2022-01-07', 0, '2022-01-07 01:14:01', '2022-01-07 01:14:01'),
(324, 5, 180, 5843, '2022-01-07', 0, '2022-01-07 01:14:01', '2022-01-07 01:14:01'),
(325, 6, 270, 6559, '2022-01-07', 0, '2022-01-07 01:14:01', '2022-01-07 01:14:01'),
(326, 7, 120, 8442, '2022-01-07', 0, '2022-01-07 01:14:01', '2022-01-07 01:14:01'),
(327, 2, 120000, 2874, '2022-01-07', 0, '2022-01-07 01:20:02', '2022-01-07 01:20:02'),
(328, 8, 300000, 5618, '2022-01-07', 0, '2022-01-07 01:29:02', '2022-01-07 01:29:02'),
(329, 9, 240000, 5932, '2022-01-07', 0, '2022-01-07 01:29:02', '2022-01-07 01:29:02'),
(330, 10, 360000, 4354, '2022-01-07', 0, '2022-01-07 01:29:02', '2022-01-07 01:29:02'),
(331, 1, 300000, 9068, '2022-01-07', 0, '2022-01-07 01:40:02', '2022-01-07 01:40:02'),
(332, 3, 4320, 1942, '2022-01-07', 0, '2022-01-07 01:44:01', '2022-01-07 01:44:01'),
(333, 4, 720, 1156, '2022-01-07', 0, '2022-01-07 01:44:01', '2022-01-07 01:44:01'),
(334, 5, 180, 9481, '2022-01-07', 0, '2022-01-07 01:44:01', '2022-01-07 01:44:01'),
(335, 6, 270, 6682, '2022-01-07', 0, '2022-01-07 01:44:01', '2022-01-07 01:44:01'),
(336, 7, 120, 3489, '2022-01-07', 0, '2022-01-07 01:44:01', '2022-01-07 01:44:01'),
(337, 2, 120000, 3947, '2022-01-07', 0, '2022-01-07 01:50:02', '2022-01-07 01:50:02'),
(338, 8, 300000, 3390, '2022-01-07', 0, '2022-01-07 01:59:01', '2022-01-07 01:59:01'),
(339, 9, 240000, 9151, '2022-01-07', 0, '2022-01-07 01:59:01', '2022-01-07 01:59:01'),
(340, 10, 360000, 9785, '2022-01-07', 0, '2022-01-07 01:59:01', '2022-01-07 01:59:01'),
(341, 1, 300000, 8995, '2022-01-08', 0, '2022-01-08 01:10:01', '2022-01-08 01:10:01'),
(342, 3, 4320, 1919, '2022-01-08', 0, '2022-01-08 01:14:01', '2022-01-08 01:14:01'),
(343, 4, 720, 6814, '2022-01-08', 0, '2022-01-08 01:14:01', '2022-01-08 01:14:01'),
(344, 5, 180, 9959, '2022-01-08', 0, '2022-01-08 01:14:01', '2022-01-08 01:14:01'),
(345, 6, 270, 4852, '2022-01-08', 0, '2022-01-08 01:14:01', '2022-01-08 01:14:01'),
(346, 7, 120, 5723, '2022-01-08', 0, '2022-01-08 01:14:01', '2022-01-08 01:14:01'),
(347, 2, 120000, 3062, '2022-01-08', 0, '2022-01-08 01:20:02', '2022-01-08 01:20:02'),
(348, 8, 300000, 6506, '2022-01-08', 0, '2022-01-08 01:29:01', '2022-01-08 01:29:01'),
(349, 9, 240000, 6029, '2022-01-08', 0, '2022-01-08 01:29:01', '2022-01-08 01:29:01'),
(350, 10, 360000, 9047, '2022-01-08', 0, '2022-01-08 01:29:01', '2022-01-08 01:29:01'),
(351, 1, 300000, 8862, '2022-01-08', 0, '2022-01-08 01:40:02', '2022-01-08 01:40:02'),
(352, 3, 4320, 6222, '2022-01-08', 0, '2022-01-08 01:44:01', '2022-01-08 01:44:01'),
(353, 4, 720, 4149, '2022-01-08', 0, '2022-01-08 01:44:01', '2022-01-08 01:44:01'),
(354, 5, 180, 1684, '2022-01-08', 0, '2022-01-08 01:44:01', '2022-01-08 01:44:01'),
(355, 6, 270, 2693, '2022-01-08', 0, '2022-01-08 01:44:01', '2022-01-08 01:44:01'),
(356, 7, 120, 3307, '2022-01-08', 0, '2022-01-08 01:44:01', '2022-01-08 01:44:01'),
(357, 2, 120000, 8731, '2022-01-08', 0, '2022-01-08 01:50:02', '2022-01-08 01:50:02'),
(358, 8, 300000, 5445, '2022-01-08', 0, '2022-01-08 01:59:02', '2022-01-08 01:59:02'),
(359, 9, 240000, 3304, '2022-01-08', 0, '2022-01-08 01:59:02', '2022-01-08 01:59:02'),
(360, 10, 360000, 6517, '2022-01-08', 0, '2022-01-08 01:59:02', '2022-01-08 01:59:02'),
(361, 1, 300000, 9984, '2022-01-09', 0, '2022-01-09 01:10:01', '2022-01-09 01:10:01'),
(362, 3, 4320, 7567, '2022-01-09', 0, '2022-01-09 01:14:01', '2022-01-09 01:14:01'),
(363, 4, 720, 3126, '2022-01-09', 0, '2022-01-09 01:14:01', '2022-01-09 01:14:01'),
(364, 5, 180, 2412, '2022-01-09', 0, '2022-01-09 01:14:01', '2022-01-09 01:14:01'),
(365, 6, 270, 5271, '2022-01-09', 0, '2022-01-09 01:14:01', '2022-01-09 01:14:01'),
(366, 7, 120, 6946, '2022-01-09', 0, '2022-01-09 01:14:01', '2022-01-09 01:14:01'),
(367, 2, 120000, 8702, '2022-01-09', 0, '2022-01-09 01:20:02', '2022-01-09 01:20:02'),
(368, 8, 300000, 3764, '2022-01-09', 0, '2022-01-09 01:29:01', '2022-01-09 01:29:01'),
(369, 9, 240000, 6625, '2022-01-09', 0, '2022-01-09 01:29:01', '2022-01-09 01:29:01'),
(370, 10, 360000, 1461, '2022-01-09', 0, '2022-01-09 01:29:01', '2022-01-09 01:29:01'),
(371, 1, 300000, 7593, '2022-01-09', 0, '2022-01-09 01:40:02', '2022-01-09 01:40:02'),
(372, 3, 4320, 8914, '2022-01-09', 0, '2022-01-09 01:44:01', '2022-01-09 01:44:01'),
(373, 4, 720, 1582, '2022-01-09', 0, '2022-01-09 01:44:01', '2022-01-09 01:44:01'),
(374, 5, 180, 9900, '2022-01-09', 0, '2022-01-09 01:44:01', '2022-01-09 01:44:01'),
(375, 6, 270, 2152, '2022-01-09', 0, '2022-01-09 01:44:01', '2022-01-09 01:44:01'),
(376, 7, 120, 6907, '2022-01-09', 0, '2022-01-09 01:44:01', '2022-01-09 01:44:01'),
(377, 2, 120000, 2817, '2022-01-09', 0, '2022-01-09 01:50:01', '2022-01-09 01:50:01'),
(378, 8, 300000, 2665, '2022-01-09', 0, '2022-01-09 01:59:01', '2022-01-09 01:59:01'),
(379, 9, 240000, 6447, '2022-01-09', 0, '2022-01-09 01:59:01', '2022-01-09 01:59:01'),
(380, 10, 360000, 1048, '2022-01-09', 0, '2022-01-09 01:59:01', '2022-01-09 01:59:01'),
(381, 1, 300000, 6880, '2022-01-10', 0, '2022-01-10 01:10:02', '2022-01-10 01:10:02'),
(382, 3, 4320, 4395, '2022-01-10', 0, '2022-01-10 01:14:01', '2022-01-10 01:14:01'),
(383, 4, 720, 6410, '2022-01-10', 0, '2022-01-10 01:14:01', '2022-01-10 01:14:01'),
(384, 5, 180, 3306, '2022-01-10', 0, '2022-01-10 01:14:01', '2022-01-10 01:14:01'),
(385, 6, 270, 8200, '2022-01-10', 0, '2022-01-10 01:14:01', '2022-01-10 01:14:01'),
(386, 7, 120, 1095, '2022-01-10', 0, '2022-01-10 01:14:01', '2022-01-10 01:14:01'),
(387, 2, 120000, 1825, '2022-01-10', 0, '2022-01-10 01:20:01', '2022-01-10 01:20:01'),
(388, 8, 300000, 1461, '2022-01-10', 0, '2022-01-10 01:29:01', '2022-01-10 01:29:01'),
(389, 9, 240000, 9847, '2022-01-10', 0, '2022-01-10 01:29:01', '2022-01-10 01:29:01'),
(390, 10, 360000, 7228, '2022-01-10', 0, '2022-01-10 01:29:01', '2022-01-10 01:29:01'),
(391, 1, 300000, 5770, '2022-01-10', 0, '2022-01-10 01:40:01', '2022-01-10 01:40:01'),
(392, 3, 4320, 2816, '2022-01-10', 0, '2022-01-10 01:44:02', '2022-01-10 01:44:02'),
(393, 4, 720, 6694, '2022-01-10', 0, '2022-01-10 01:44:02', '2022-01-10 01:44:02'),
(394, 5, 180, 2050, '2022-01-10', 0, '2022-01-10 01:44:02', '2022-01-10 01:44:02'),
(395, 6, 270, 9068, '2022-01-10', 0, '2022-01-10 01:44:02', '2022-01-10 01:44:02'),
(396, 7, 120, 6380, '2022-01-10', 0, '2022-01-10 01:44:02', '2022-01-10 01:44:02'),
(397, 2, 120000, 1183, '2022-01-10', 0, '2022-01-10 01:50:02', '2022-01-10 01:50:02'),
(398, 8, 300000, 8710, '2022-01-10', 0, '2022-01-10 01:59:01', '2022-01-10 01:59:01'),
(399, 9, 240000, 2555, '2022-01-10', 0, '2022-01-10 01:59:01', '2022-01-10 01:59:01'),
(400, 10, 360000, 5053, '2022-01-10', 0, '2022-01-10 01:59:01', '2022-01-10 01:59:01'),
(401, 1, 300000, 5986, '2022-01-11', 0, '2022-01-11 01:10:02', '2022-01-11 01:10:02'),
(402, 3, 4320, 9243, '2022-01-11', 0, '2022-01-11 01:14:01', '2022-01-11 01:14:01'),
(403, 4, 720, 5491, '2022-01-11', 0, '2022-01-11 01:14:01', '2022-01-11 01:14:01'),
(404, 5, 180, 7789, '2022-01-11', 0, '2022-01-11 01:14:01', '2022-01-11 01:14:01'),
(405, 6, 270, 8415, '2022-01-11', 0, '2022-01-11 01:14:01', '2022-01-11 01:14:01'),
(406, 7, 120, 1163, '2022-01-11', 0, '2022-01-11 01:14:01', '2022-01-11 01:14:01'),
(407, 2, 120000, 9318, '2022-01-11', 0, '2022-01-11 01:20:01', '2022-01-11 01:20:01'),
(408, 8, 300000, 6966, '2022-01-11', 0, '2022-01-11 01:29:02', '2022-01-11 01:29:02'),
(409, 9, 240000, 4496, '2022-01-11', 0, '2022-01-11 01:29:02', '2022-01-11 01:29:02'),
(410, 10, 360000, 9589, '2022-01-11', 0, '2022-01-11 01:29:02', '2022-01-11 01:29:02'),
(411, 1, 300000, 9734, '2022-01-11', 0, '2022-01-11 01:40:01', '2022-01-11 01:40:01'),
(412, 3, 4320, 5038, '2022-01-11', 0, '2022-01-11 01:44:01', '2022-01-11 01:44:01'),
(413, 4, 720, 2685, '2022-01-11', 0, '2022-01-11 01:44:01', '2022-01-11 01:44:01'),
(414, 5, 180, 8157, '2022-01-11', 0, '2022-01-11 01:44:01', '2022-01-11 01:44:01'),
(415, 6, 270, 5107, '2022-01-11', 0, '2022-01-11 01:44:01', '2022-01-11 01:44:01'),
(416, 7, 120, 3954, '2022-01-11', 0, '2022-01-11 01:44:01', '2022-01-11 01:44:01'),
(417, 2, 120000, 2618, '2022-01-11', 0, '2022-01-11 01:50:01', '2022-01-11 01:50:01'),
(418, 8, 300000, 8496, '2022-01-11', 0, '2022-01-11 01:59:01', '2022-01-11 01:59:01'),
(419, 9, 240000, 9552, '2022-01-11', 0, '2022-01-11 01:59:01', '2022-01-11 01:59:01'),
(420, 10, 360000, 4803, '2022-01-11', 0, '2022-01-11 01:59:01', '2022-01-11 01:59:01'),
(421, 1, 300000, 3000, '2022-01-12', 0, '2022-01-12 01:10:02', '2022-01-12 01:10:02'),
(422, 3, 4320, 7009, '2022-01-12', 0, '2022-01-12 01:14:01', '2022-01-12 01:14:01'),
(423, 4, 720, 2275, '2022-01-12', 0, '2022-01-12 01:14:01', '2022-01-12 01:14:01'),
(424, 5, 180, 6297, '2022-01-12', 0, '2022-01-12 01:14:01', '2022-01-12 01:14:01'),
(425, 6, 270, 4673, '2022-01-12', 0, '2022-01-12 01:14:01', '2022-01-12 01:14:01'),
(426, 7, 120, 4428, '2022-01-12', 0, '2022-01-12 01:14:01', '2022-01-12 01:14:01'),
(427, 2, 120000, 2229, '2022-01-12', 0, '2022-01-12 01:20:01', '2022-01-12 01:20:01'),
(428, 8, 300000, 2270, '2022-01-12', 0, '2022-01-12 01:29:01', '2022-01-12 01:29:01'),
(429, 9, 240000, 5749, '2022-01-12', 0, '2022-01-12 01:29:01', '2022-01-12 01:29:01'),
(430, 10, 360000, 5943, '2022-01-12', 0, '2022-01-12 01:29:01', '2022-01-12 01:29:01'),
(431, 1, 300000, 2232, '2022-01-12', 0, '2022-01-12 01:40:01', '2022-01-12 01:40:01'),
(432, 3, 4320, 4675, '2022-01-12', 0, '2022-01-12 01:44:01', '2022-01-12 01:44:01'),
(433, 4, 720, 7315, '2022-01-12', 0, '2022-01-12 01:44:01', '2022-01-12 01:44:01'),
(434, 5, 180, 7932, '2022-01-12', 0, '2022-01-12 01:44:01', '2022-01-12 01:44:01'),
(435, 6, 270, 3404, '2022-01-12', 0, '2022-01-12 01:44:01', '2022-01-12 01:44:01'),
(436, 7, 120, 7713, '2022-01-12', 0, '2022-01-12 01:44:01', '2022-01-12 01:44:01'),
(437, 2, 120000, 8693, '2022-01-12', 0, '2022-01-12 01:50:02', '2022-01-12 01:50:02'),
(438, 8, 300000, 1448, '2022-01-12', 0, '2022-01-12 01:59:01', '2022-01-12 01:59:01'),
(439, 9, 240000, 3932, '2022-01-12', 0, '2022-01-12 01:59:02', '2022-01-12 01:59:02'),
(440, 10, 360000, 7879, '2022-01-12', 0, '2022-01-12 01:59:02', '2022-01-12 01:59:02'),
(441, 1, 300000, 6862, '2022-01-13', 0, '2022-01-13 01:10:02', '2022-01-13 01:10:02'),
(442, 3, 4320, 4335, '2022-01-13', 0, '2022-01-13 01:14:02', '2022-01-13 01:14:02'),
(443, 4, 720, 2235, '2022-01-13', 0, '2022-01-13 01:14:02', '2022-01-13 01:14:02'),
(444, 5, 180, 4314, '2022-01-13', 0, '2022-01-13 01:14:02', '2022-01-13 01:14:02'),
(445, 6, 270, 6664, '2022-01-13', 0, '2022-01-13 01:14:02', '2022-01-13 01:14:02'),
(446, 7, 120, 4955, '2022-01-13', 0, '2022-01-13 01:14:02', '2022-01-13 01:14:02'),
(447, 2, 120000, 5587, '2022-01-13', 0, '2022-01-13 01:20:02', '2022-01-13 01:20:02'),
(448, 8, 300000, 1952, '2022-01-13', 0, '2022-01-13 01:29:01', '2022-01-13 01:29:01'),
(449, 9, 240000, 1051, '2022-01-13', 0, '2022-01-13 01:29:01', '2022-01-13 01:29:01'),
(450, 10, 360000, 6376, '2022-01-13', 0, '2022-01-13 01:29:01', '2022-01-13 01:29:01'),
(451, 1, 300000, 9822, '2022-01-13', 0, '2022-01-13 01:40:02', '2022-01-13 01:40:02'),
(452, 3, 4320, 8269, '2022-01-13', 0, '2022-01-13 01:44:01', '2022-01-13 01:44:01'),
(453, 4, 720, 5771, '2022-01-13', 0, '2022-01-13 01:44:01', '2022-01-13 01:44:01'),
(454, 5, 180, 8110, '2022-01-13', 0, '2022-01-13 01:44:01', '2022-01-13 01:44:01'),
(455, 6, 270, 2810, '2022-01-13', 0, '2022-01-13 01:44:01', '2022-01-13 01:44:01'),
(456, 7, 120, 1740, '2022-01-13', 0, '2022-01-13 01:44:01', '2022-01-13 01:44:01'),
(457, 2, 120000, 1766, '2022-01-13', 0, '2022-01-13 01:50:02', '2022-01-13 01:50:02'),
(458, 8, 300000, 1975, '2022-01-13', 0, '2022-01-13 01:59:01', '2022-01-13 01:59:01'),
(459, 9, 240000, 5745, '2022-01-13', 0, '2022-01-13 01:59:01', '2022-01-13 01:59:01'),
(460, 10, 360000, 4993, '2022-01-13', 0, '2022-01-13 01:59:01', '2022-01-13 01:59:01'),
(461, 1, 300000, 3867, '2022-01-14', 0, '2022-01-14 01:10:01', '2022-01-14 01:10:01'),
(462, 3, 4320, 1601, '2022-01-14', 0, '2022-01-14 01:14:01', '2022-01-14 01:14:01'),
(463, 4, 720, 3020, '2022-01-14', 0, '2022-01-14 01:14:01', '2022-01-14 01:14:01'),
(464, 5, 180, 4792, '2022-01-14', 0, '2022-01-14 01:14:01', '2022-01-14 01:14:01'),
(465, 6, 270, 1103, '2022-01-14', 0, '2022-01-14 01:14:01', '2022-01-14 01:14:01'),
(466, 7, 120, 5178, '2022-01-14', 0, '2022-01-14 01:14:01', '2022-01-14 01:14:01'),
(467, 2, 120000, 5748, '2022-01-14', 0, '2022-01-14 01:20:02', '2022-01-14 01:20:02'),
(468, 8, 300000, 4824, '2022-01-14', 0, '2022-01-14 01:29:01', '2022-01-14 01:29:01'),
(469, 9, 240000, 2293, '2022-01-14', 0, '2022-01-14 01:29:01', '2022-01-14 01:29:01'),
(470, 10, 360000, 4007, '2022-01-14', 0, '2022-01-14 01:29:01', '2022-01-14 01:29:01'),
(471, 1, 300000, 2210, '2022-01-14', 0, '2022-01-14 01:40:01', '2022-01-14 01:40:01'),
(472, 3, 4320, 4379, '2022-01-14', 0, '2022-01-14 01:44:01', '2022-01-14 01:44:01'),
(473, 4, 720, 2700, '2022-01-14', 0, '2022-01-14 01:44:01', '2022-01-14 01:44:01'),
(474, 5, 180, 6838, '2022-01-14', 0, '2022-01-14 01:44:01', '2022-01-14 01:44:01'),
(475, 6, 270, 8536, '2022-01-14', 0, '2022-01-14 01:44:01', '2022-01-14 01:44:01'),
(476, 7, 120, 7825, '2022-01-14', 0, '2022-01-14 01:44:01', '2022-01-14 01:44:01'),
(477, 2, 120000, 8690, '2022-01-14', 0, '2022-01-14 01:50:02', '2022-01-14 01:50:02'),
(478, 8, 300000, 1312, '2022-01-14', 0, '2022-01-14 01:59:02', '2022-01-14 01:59:02'),
(479, 9, 240000, 5949, '2022-01-14', 0, '2022-01-14 01:59:02', '2022-01-14 01:59:02'),
(480, 10, 360000, 4073, '2022-01-14', 0, '2022-01-14 01:59:02', '2022-01-14 01:59:02'),
(481, 1, 300000, 2315, '2022-01-15', 0, '2022-01-15 01:10:02', '2022-01-15 01:10:02'),
(482, 3, 4320, 9801, '2022-01-15', 0, '2022-01-15 01:14:01', '2022-01-15 01:14:01'),
(483, 4, 720, 3636, '2022-01-15', 0, '2022-01-15 01:14:01', '2022-01-15 01:14:01'),
(484, 5, 180, 8519, '2022-01-15', 0, '2022-01-15 01:14:01', '2022-01-15 01:14:01'),
(485, 6, 270, 3711, '2022-01-15', 0, '2022-01-15 01:14:01', '2022-01-15 01:14:01'),
(486, 7, 120, 9595, '2022-01-15', 0, '2022-01-15 01:14:01', '2022-01-15 01:14:01'),
(487, 2, 120000, 9738, '2022-01-15', 0, '2022-01-15 01:20:01', '2022-01-15 01:20:01'),
(488, 8, 300000, 7632, '2022-01-15', 0, '2022-01-15 01:29:01', '2022-01-15 01:29:01'),
(489, 9, 240000, 6742, '2022-01-15', 0, '2022-01-15 01:29:01', '2022-01-15 01:29:01'),
(490, 10, 360000, 4603, '2022-01-15', 0, '2022-01-15 01:29:01', '2022-01-15 01:29:01'),
(491, 1, 300000, 1016, '2022-01-15', 0, '2022-01-15 01:40:01', '2022-01-15 01:40:01'),
(492, 3, 4320, 1853, '2022-01-15', 0, '2022-01-15 01:44:01', '2022-01-15 01:44:01'),
(493, 4, 720, 2406, '2022-01-15', 0, '2022-01-15 01:44:01', '2022-01-15 01:44:01'),
(494, 5, 180, 2354, '2022-01-15', 0, '2022-01-15 01:44:01', '2022-01-15 01:44:01'),
(495, 6, 270, 8102, '2022-01-15', 0, '2022-01-15 01:44:01', '2022-01-15 01:44:01'),
(496, 7, 120, 2222, '2022-01-15', 0, '2022-01-15 01:44:01', '2022-01-15 01:44:01'),
(497, 2, 120000, 9069, '2022-01-15', 0, '2022-01-15 01:50:02', '2022-01-15 01:50:02'),
(498, 8, 300000, 8867, '2022-01-15', 0, '2022-01-15 01:59:01', '2022-01-15 01:59:01'),
(499, 9, 240000, 2945, '2022-01-15', 0, '2022-01-15 01:59:01', '2022-01-15 01:59:01'),
(500, 10, 360000, 3417, '2022-01-15', 0, '2022-01-15 01:59:01', '2022-01-15 01:59:01'),
(501, 1, 300000, 2148, '2022-01-16', 0, '2022-01-16 01:10:02', '2022-01-16 01:10:02'),
(502, 3, 4320, 7788, '2022-01-16', 0, '2022-01-16 01:14:01', '2022-01-16 01:14:01'),
(503, 4, 720, 7122, '2022-01-16', 0, '2022-01-16 01:14:01', '2022-01-16 01:14:01'),
(504, 5, 180, 7458, '2022-01-16', 0, '2022-01-16 01:14:01', '2022-01-16 01:14:01'),
(505, 6, 270, 6294, '2022-01-16', 0, '2022-01-16 01:14:01', '2022-01-16 01:14:01'),
(506, 7, 120, 8195, '2022-01-16', 0, '2022-01-16 01:14:01', '2022-01-16 01:14:01'),
(507, 2, 120000, 3547, '2022-01-16', 0, '2022-01-16 01:20:02', '2022-01-16 01:20:02'),
(508, 8, 300000, 7346, '2022-01-16', 0, '2022-01-16 01:29:01', '2022-01-16 01:29:01'),
(509, 9, 240000, 6097, '2022-01-16', 0, '2022-01-16 01:29:01', '2022-01-16 01:29:01'),
(510, 10, 360000, 7047, '2022-01-16', 0, '2022-01-16 01:29:01', '2022-01-16 01:29:01'),
(511, 1, 300000, 7273, '2022-01-16', 0, '2022-01-16 01:40:01', '2022-01-16 01:40:01'),
(512, 3, 4320, 3999, '2022-01-16', 0, '2022-01-16 01:44:01', '2022-01-16 01:44:01'),
(513, 4, 720, 4431, '2022-01-16', 0, '2022-01-16 01:44:01', '2022-01-16 01:44:01'),
(514, 5, 180, 2399, '2022-01-16', 0, '2022-01-16 01:44:01', '2022-01-16 01:44:01'),
(515, 6, 270, 1703, '2022-01-16', 0, '2022-01-16 01:44:01', '2022-01-16 01:44:01'),
(516, 7, 120, 9106, '2022-01-16', 0, '2022-01-16 01:44:01', '2022-01-16 01:44:01'),
(517, 2, 120000, 9939, '2022-01-16', 0, '2022-01-16 01:50:01', '2022-01-16 01:50:01'),
(518, 8, 300000, 8654, '2022-01-16', 0, '2022-01-16 01:59:02', '2022-01-16 01:59:02'),
(519, 9, 240000, 7824, '2022-01-16', 0, '2022-01-16 01:59:02', '2022-01-16 01:59:02'),
(520, 10, 360000, 6262, '2022-01-16', 0, '2022-01-16 01:59:02', '2022-01-16 01:59:02');

-- --------------------------------------------------------

--
-- Structure de la table `failed_jobs`
--

DROP TABLE IF EXISTS `failed_jobs`;
CREATE TABLE IF NOT EXISTS `failed_jobs` (
  `id` bigint(20) UNSIGNED NOT NULL AUTO_INCREMENT,
  `uuid` varchar(191) COLLATE utf8mb4_unicode_ci NOT NULL,
  `connection` text COLLATE utf8mb4_unicode_ci NOT NULL,
  `queue` text COLLATE utf8mb4_unicode_ci NOT NULL,
  `payload` longtext COLLATE utf8mb4_unicode_ci NOT NULL,
  `exception` longtext COLLATE utf8mb4_unicode_ci NOT NULL,
  `failed_at` timestamp NOT NULL DEFAULT CURRENT_TIMESTAMP,
  PRIMARY KEY (`id`),
  UNIQUE KEY `failed_jobs_uuid_unique` (`uuid`)
) ENGINE=MyISAM DEFAULT CHARSET=utf8mb4 COLLATE=utf8mb4_unicode_ci;

-- --------------------------------------------------------

--
-- Structure de la table `faqs`
--

DROP TABLE IF EXISTS `faqs`;
CREATE TABLE IF NOT EXISTS `faqs` (
  `id` bigint(20) UNSIGNED NOT NULL AUTO_INCREMENT,
  `question_faq` longtext COLLATE utf8mb4_unicode_ci,
  `answer_faq` longtext COLLATE utf8mb4_unicode_ci,
  `faq_category_id` bigint(20) UNSIGNED NOT NULL,
  `status` tinyint(1) NOT NULL DEFAULT '0',
  `created_at` timestamp NULL DEFAULT NULL,
  `updated_at` timestamp NULL DEFAULT NULL,
  PRIMARY KEY (`id`),
  KEY `faqs_faq_category_id_foreign` (`faq_category_id`)
) ENGINE=MyISAM AUTO_INCREMENT=6 DEFAULT CHARSET=utf8mb4 COLLATE=utf8mb4_unicode_ci;

--
-- Déchargement des données de la table `faqs`
--

INSERT INTO `faqs` (`id`, `question_faq`, `answer_faq`, `faq_category_id`, `status`, `created_at`, `updated_at`) VALUES
(1, '<p>Pourquoi Centralresource? Les avantages?</p>', '<p>En qualité de prestataire de services, CENTRALRESOURCE est l’employeur des intervenants qui viennent à votre domicile, quelle que soit la prestation choisie. Ainsi, vous êtes libéré de toute démarche administrative : nous recrutons, nous planifions, nous informons, nous rémunérons.Nous sommes convaincus qu’un salarié CENTRAL RESSOURCE épanoui conduit à des prestations de service de grande qualité, conformes aux exigences de nos clients. Aussi, nous sommes fiers des méthodes et outils de travail en place ainsi que de nos processus de recrutement rigoureux et ce, pour améliorer sans cesse la satisfaction de nos clients.Par ailleurs, notez que les prestations de services à la personne&nbsp;peuvent vous permettre de bénéficier d’un crédit d’impôt de 50%(avantage fiscal éventuel - selon les conditions en vigueur de l\'article 199 sexdecies du CGI)</p>', 1, 0, '2021-08-25 21:06:57', '2021-10-02 16:24:40'),
(2, '<p>Est-ce vous qui vous chargez du recrutement et des fiches de paie ?</p>', '<p>Oui, Centralresource est un prestataire de service. Tous les intervenants sont salariés de Central Ressource. Vous êtes client(e) de Centralresource et n’êtes donc pas l’employeur (vous ne supportez donc pas les risques juridiques d\'un employeur). Vous ne vous occupez de rien (toutes les formalités administratives sont gérées par Centralresource) !</p>', 1, 0, '2021-08-25 21:14:08', '2021-10-02 16:28:30'),
(3, '<p>Comment les prestataires de Centralresource sont-ils recrutés?</p>', '<p>Notre processus de recrutement est très rigoureux, avec tout d’abord une sélection sur la base des CV reçus.Nous invitons ensuite les personnes sélectionnées pour une présentation de l’entreprise, de nos métiers et des qualités requises. Les personnes intéressées et motivées remplissent alors un dossier de candidature.Après une nouvelle sélection, les candidats passent un entretien individuel qui comprend :un test pratique (par exemple un test chronométré pour le repassage : chemises à repasser impeccablement en un minimum de temps) ;un questionnaire théorique sur les techniques ;un entretien de personnalité (motivation, attentes et contraintes).Enfin, nous vérifions les références fournies par les candidats et leur demandons un extrait de casier judiciaire.</p>', 2, 0, '2021-08-25 21:17:45', '2021-10-02 16:29:16');

-- --------------------------------------------------------

--
-- Structure de la table `faq_categories`
--

DROP TABLE IF EXISTS `faq_categories`;
CREATE TABLE IF NOT EXISTS `faq_categories` (
  `id` bigint(20) UNSIGNED NOT NULL AUTO_INCREMENT,
  `title_faq_cat` varchar(191) COLLATE utf8mb4_unicode_ci DEFAULT NULL,
  `description_faq_cat` mediumtext COLLATE utf8mb4_unicode_ci,
  `created_at` timestamp NULL DEFAULT NULL,
  `updated_at` timestamp NULL DEFAULT NULL,
  PRIMARY KEY (`id`)
) ENGINE=MyISAM AUTO_INCREMENT=6 DEFAULT CHARSET=utf8mb4 COLLATE=utf8mb4_unicode_ci;

--
-- Déchargement des données de la table `faq_categories`
--

INSERT INTO `faq_categories` (`id`, `title_faq_cat`, `description_faq_cat`, `created_at`, `updated_at`) VALUES
(1, 'Centralresource et vous', 'Questions pour Centralresource', '2021-08-25 21:01:27', '2021-10-02 16:25:23'),
(2, 'Les prestataires', 'Questions sur les prestataires', '2021-08-25 21:02:09', '2021-08-25 21:02:09'),
(3, 'Les prestations', 'Questions sur les prestations rendues', '2021-08-25 21:03:28', '2021-08-25 21:03:28'),
(4, 'Tarifs, paiement et facturation', 'Question sur les tarifs, paiement et facturation', '2021-08-25 21:04:03', '2021-08-25 21:04:03');

-- --------------------------------------------------------

--
-- Structure de la table `formations`
--

DROP TABLE IF EXISTS `formations`;
CREATE TABLE IF NOT EXISTS `formations` (
  `id` bigint(20) UNSIGNED NOT NULL AUTO_INCREMENT,
  `title_formation` varchar(191) COLLATE utf8mb4_unicode_ci DEFAULT NULL,
  `description_formation` mediumtext COLLATE utf8mb4_unicode_ci,
  `date_formation` date DEFAULT NULL,
  `date_debut` date DEFAULT NULL,
  `date_fin` date DEFAULT NULL,
  `cout_formation` double(8,2) DEFAULT NULL,
  `type_formation_id` bigint(20) UNSIGNED NOT NULL,
  `document_formation` varchar(191) COLLATE utf8mb4_unicode_ci DEFAULT NULL,
  `status_formation` tinyint(1) NOT NULL DEFAULT '0',
  `created_at` timestamp NULL DEFAULT NULL,
  `updated_at` timestamp NULL DEFAULT NULL,
  PRIMARY KEY (`id`),
  KEY `formations_type_formation_id_foreign` (`type_formation_id`)
) ENGINE=MyISAM AUTO_INCREMENT=8 DEFAULT CHARSET=utf8mb4 COLLATE=utf8mb4_unicode_ci;

--
-- Déchargement des données de la table `formations`
--

INSERT INTO `formations` (`id`, `title_formation`, `description_formation`, `date_formation`, `date_debut`, `date_fin`, `cout_formation`, `type_formation_id`, `document_formation`, `status_formation`, `created_at`, `updated_at`) VALUES
(1, 'entretien pelouse', 'ok', NULL, '2021-09-30', '2021-10-28', 5000.00, 1, NULL, 1, '2021-09-20 20:24:11', '2021-09-20 20:24:11'),
(2, 'toilettage chiot', NULL, NULL, '2021-09-01', '2021-09-04', 2000.00, 1, NULL, 1, '2021-09-20 20:24:48', '2021-09-20 20:24:48'),
(3, 'Conseil en image', 'ok', NULL, '2021-09-29', '2021-09-30', 60000.00, 3, NULL, 1, '2021-09-27 17:12:23', '2021-09-27 17:12:23'),
(4, 'ok', NULL, NULL, '2021-10-10', '2021-11-18', 5000.00, 1, NULL, 1, '2021-10-01 14:04:05', '2021-10-05 14:50:15'),
(5, 'Bonaventure', 'tonte de pelouse', NULL, '2021-10-05', '2021-10-08', 4000.00, 1, NULL, 1, '2021-10-05 08:41:19', '2021-10-05 14:35:09'),
(6, 'Officia cum cupidata', 'Atque voluptatum off', NULL, '2014-01-28', '2016-12-26', 72.00, 4, NULL, 1, '2021-10-06 02:13:14', '2021-10-06 02:13:14'),
(7, 'Deserunt explicabo', 'Illum sed dignissim', NULL, '2021-10-06', '2021-05-07', 94.00, 5, NULL, 0, '2021-10-06 02:13:41', '2021-10-06 02:13:41');

-- --------------------------------------------------------

--
-- Structure de la table `historiques`
--

DROP TABLE IF EXISTS `historiques`;
CREATE TABLE IF NOT EXISTS `historiques` (
  `id` bigint(20) UNSIGNED NOT NULL AUTO_INCREMENT,
  `historical_name` varchar(191) COLLATE utf8mb4_unicode_ci DEFAULT NULL,
  `user_id` int(10) UNSIGNED DEFAULT NULL,
  `created_at` timestamp NULL DEFAULT NULL,
  `updated_at` timestamp NULL DEFAULT NULL,
  PRIMARY KEY (`id`),
  KEY `historiques_user_id_foreign` (`user_id`)
) ENGINE=MyISAM AUTO_INCREMENT=36 DEFAULT CHARSET=utf8mb4 COLLATE=utf8mb4_unicode_ci;

--
-- Déchargement des données de la table `historiques`
--

INSERT INTO `historiques` (`id`, `historical_name`, `user_id`, `created_at`, `updated_at`) VALUES
(1, 'Vous venez de faire une demande d\' absence', 2, '2021-09-20 20:33:18', '2021-09-20 20:33:18'),
(2, 'Vous venez de faire une demande de congé', 2, '2021-09-20 20:40:14', '2021-09-20 20:40:14'),
(3, 'Vous venez de faire une demande de congé', 2, '2021-09-20 20:46:09', '2021-09-20 20:46:09'),
(4, 'Vous venez de faire une demande de congé', 8, '2021-09-21 07:50:49', '2021-09-21 07:50:49'),
(5, 'Vous venez de faire une demande d\' absence', 2, '2021-09-22 07:01:53', '2021-09-22 07:01:53'),
(6, 'Vous venez de faire une demande de congé', 2, '2021-09-25 17:48:15', '2021-09-25 17:48:15'),
(7, 'Vous venez de faire une demande de congé', 2, '2021-09-25 17:48:57', '2021-09-25 17:48:57'),
(8, 'Vous venez de faire une demande d\' absence', 2, '2021-09-25 17:53:27', '2021-09-25 17:53:27'),
(9, 'Vous venez de faire une demande d\' absence', 2, '2021-09-25 17:55:16', '2021-09-25 17:55:16'),
(10, 'Vous venez de faire une demande de congé', 2, '2021-10-01 13:47:48', '2021-10-01 13:47:48'),
(11, 'Vous venez de signaler une absence', 5, '2021-10-06 02:38:47', '2021-10-06 02:38:47'),
(12, 'Vous venez de signaler une absence', 5, '2021-10-06 02:39:08', '2021-10-06 02:39:08'),
(13, 'Vous venez de signaler une absence', 5, '2021-10-07 08:06:15', '2021-10-07 08:06:15'),
(14, 'Vous venez de signaler une absence', 5, '2021-10-07 08:20:45', '2021-10-07 08:20:45'),
(15, 'Vous venez de signaler une absence', 3, '2021-10-13 06:20:22', '2021-10-13 06:20:22'),
(16, 'Vous venez de signaler une absence', 3, '2021-10-14 19:50:11', '2021-10-14 19:50:11'),
(17, 'Vous venez de signaler une absence', 3, '2021-10-15 15:02:29', '2021-10-15 15:02:29'),
(18, 'Vous venez de faire modifié une absence', 3, '2021-10-15 16:19:05', '2021-10-15 16:19:05'),
(19, 'Vous venez de signaler une absence', 3, '2021-10-15 16:23:10', '2021-10-15 16:23:10'),
(20, 'Vous venez de faire modifié une absence', 3, '2021-10-15 16:25:16', '2021-10-15 16:25:16'),
(21, 'Vous venez de faire modifié une absence', 3, '2021-10-15 16:32:35', '2021-10-15 16:32:35'),
(22, 'Vous venez de signaler une absence', 3, '2021-10-18 10:08:15', '2021-10-18 10:08:15'),
(23, 'Vous venez de faire une demande d\'absence', 2, '2021-10-19 08:47:23', '2021-10-19 08:47:23'),
(24, 'Vous venez de faire une demande de congé', 2, '2021-10-19 08:52:25', '2021-10-19 08:52:25'),
(25, 'Vous venez de faire une demande d\'absence', 2, '2021-10-19 18:08:21', '2021-10-19 18:08:21'),
(26, 'Vous venez de faire une demande de congé', 2, '2021-10-19 18:11:10', '2021-10-19 18:11:10'),
(27, 'Vous venez de faire une demande d\'absence', 2, '2021-10-20 17:17:49', '2021-10-20 17:17:49'),
(28, 'Vous venez de faire une demande de congé', 2, '2021-10-20 17:18:31', '2021-10-20 17:18:31'),
(29, 'Vous venez de signaler une absence', 3, '2021-10-20 17:23:13', '2021-10-20 17:23:13'),
(30, 'Vous venez de signaler une absence', 3, '2021-10-21 18:39:28', '2021-10-21 18:39:28'),
(31, 'Vous venez de faire une demande de congé', 2, '2021-10-21 20:38:15', '2021-10-21 20:38:15'),
(32, 'Vous venez de faire une demande de congé', 2, '2021-10-23 15:27:56', '2021-10-23 15:27:56'),
(33, 'Vous venez de signaler une absence', 3, '2021-10-23 17:49:53', '2021-10-23 17:49:53'),
(34, 'Vous venez de signaler une absence', 4, '2021-10-23 19:22:31', '2021-10-23 19:22:31'),
(35, 'Vous venez de faire une demande de congé', 2, '2021-10-28 14:11:55', '2021-10-28 14:11:55');

-- --------------------------------------------------------

--
-- Structure de la table `irpps`
--

DROP TABLE IF EXISTS `irpps`;
CREATE TABLE IF NOT EXISTS `irpps` (
  `id` bigint(20) UNSIGNED NOT NULL AUTO_INCREMENT,
  `name_irpp` varchar(191) COLLATE utf8mb4_unicode_ci DEFAULT NULL,
  `created_at` timestamp NULL DEFAULT NULL,
  `updated_at` timestamp NULL DEFAULT NULL,
  PRIMARY KEY (`id`)
) ENGINE=MyISAM DEFAULT CHARSET=utf8mb4 COLLATE=utf8mb4_unicode_ci;

-- --------------------------------------------------------

--
-- Structure de la table `job_types`
--

DROP TABLE IF EXISTS `job_types`;
CREATE TABLE IF NOT EXISTS `job_types` (
  `id` bigint(20) UNSIGNED NOT NULL AUTO_INCREMENT,
  `title_job_ty` varchar(191) COLLATE utf8mb4_unicode_ci DEFAULT NULL,
  `description_job_ty` mediumtext COLLATE utf8mb4_unicode_ci,
  `created_at` timestamp NULL DEFAULT NULL,
  `updated_at` timestamp NULL DEFAULT NULL,
  PRIMARY KEY (`id`)
) ENGINE=MyISAM AUTO_INCREMENT=5 DEFAULT CHARSET=utf8mb4 COLLATE=utf8mb4_unicode_ci;

--
-- Déchargement des données de la table `job_types`
--

INSERT INTO `job_types` (`id`, `title_job_ty`, `description_job_ty`, `created_at`, `updated_at`) VALUES
(1, 'Plein temps', 'Emploi en plein temps', '2021-08-25 16:27:40', '2021-08-25 16:27:40'),
(2, 'Temps partiel', 'Emploi en temps partiel', '2021-08-25 16:28:00', '2021-08-25 16:28:00'),
(3, 'Job de vacance', 'Petit travail pour rendre les vacances utiles', '2021-09-14 20:31:46', '2021-09-14 20:31:46');

-- --------------------------------------------------------

--
-- Structure de la table `migrations`
--

DROP TABLE IF EXISTS `migrations`;
CREATE TABLE IF NOT EXISTS `migrations` (
  `id` int(10) UNSIGNED NOT NULL AUTO_INCREMENT,
  `migration` varchar(191) COLLATE utf8mb4_unicode_ci NOT NULL,
  `batch` int(11) NOT NULL,
  PRIMARY KEY (`id`)
) ENGINE=MyISAM AUTO_INCREMENT=56 DEFAULT CHARSET=utf8mb4 COLLATE=utf8mb4_unicode_ci;

--
-- Déchargement des données de la table `migrations`
--

INSERT INTO `migrations` (`id`, `migration`, `batch`) VALUES
(1, '2014_10_12_000000_create_admins_table', 1),
(2, '2014_10_12_000000_create_users_table', 1),
(3, '2014_10_12_100000_create_password_resets_table', 1),
(4, '2019_08_19_000000_create_failed_jobs_table', 1),
(5, '2020_07_08_000307_create_permission_tables', 1),
(6, '2020_07_29_174724_create_categories_table', 1),
(7, '2020_08_04_165150_create_posts_table', 1),
(8, '2021_02_03_155140_create_faqs_table', 1),
(52, '2021_02_10_162443_create_offers_table', 13),
(10, '2021_02_17_131904_create_applies_table', 1),
(11, '2021_05_04_104822_create_faq_categories_table', 1),
(53, '2021_05_08_085024_create_contrats_table', 13),
(13, '2021_05_08_085552_create_secteur_activites_table', 1),
(14, '2021_05_10_145632_create_type_formations_table', 1),
(15, '2021_05_10_145650_create_formations_table', 1),
(16, '2021_05_20_152648_create_regions_table', 1),
(17, '2021_05_20_152750_create_villes_table', 1),
(37, '2021_05_25_175412_create_newsletters_table', 2),
(19, '2021_05_27_175504_create_job_types_table', 1),
(20, '2021_06_04_151057_create_type_absences_table', 1),
(54, '2021_09_24_104402_create_factures_table', 14),
(51, '2021_06_08_154727_create_quotations_table', 12),
(50, '2021_06_08_183811_create_reservations_table', 11),
(25, '2021_06_23_155909_create_type_conges_table', 1),
(47, '2021_06_23_160116_create_conges_table', 9),
(27, '2021_07_07_140202_create_demande_formations_table', 1),
(39, '2021_08_31_123754_create_offre_historiques_table', 3),
(29, '2021_07_09_073951_create_historiques_table', 1),
(30, '2021_07_27_151000_create_signale_absences_table', 1),
(31, '2021_07_27_171247_create_primes_table', 1),
(32, '2021_08_09_051639_create_cnsses_table', 1),
(33, '2021_08_09_051813_create_irpps_table', 1),
(34, '2021_08_20_055300_create_profiles_table', 1),
(45, '2021_08_20_135540_create_type_contrats_table', 8),
(44, '2021_08_24_172304_create_rappels_table', 7),
(46, '2021_06_14_091456_create_demande_absences_table', 9),
(43, '2021_09_04_124959_create_notifications_table', 6),
(49, '2021_09_08_173855_add_autre_to_users_table', 10),
(55, '2022_02_16_105144_create_post_dates_table', 15);

-- --------------------------------------------------------

--
-- Structure de la table `model_has_permissions`
--

DROP TABLE IF EXISTS `model_has_permissions`;
CREATE TABLE IF NOT EXISTS `model_has_permissions` (
  `permission_id` int(10) UNSIGNED NOT NULL,
  `model_type` varchar(191) COLLATE utf8mb4_unicode_ci NOT NULL,
  `model_id` bigint(20) UNSIGNED NOT NULL,
  PRIMARY KEY (`permission_id`,`model_id`,`model_type`),
  KEY `model_has_permissions_model_type_model_id_index` (`model_type`,`model_id`)
) ENGINE=MyISAM DEFAULT CHARSET=utf8mb4 COLLATE=utf8mb4_unicode_ci;

-- --------------------------------------------------------

--
-- Structure de la table `model_has_roles`
--

DROP TABLE IF EXISTS `model_has_roles`;
CREATE TABLE IF NOT EXISTS `model_has_roles` (
  `role_id` int(10) UNSIGNED NOT NULL,
  `model_type` varchar(191) COLLATE utf8mb4_unicode_ci NOT NULL,
  `model_id` bigint(20) UNSIGNED NOT NULL,
  PRIMARY KEY (`role_id`,`model_id`,`model_type`),
  KEY `model_has_roles_model_type_model_id_index` (`model_type`,`model_id`)
) ENGINE=MyISAM DEFAULT CHARSET=utf8mb4 COLLATE=utf8mb4_unicode_ci;

--
-- Déchargement des données de la table `model_has_roles`
--

INSERT INTO `model_has_roles` (`role_id`, `model_type`, `model_id`) VALUES
(1, 'App\\Models\\Admin', 1),
(1, 'App\\Models\\Admin', 2),
(1, 'App\\Models\\User', 2),
(1, 'App\\Models\\Admin', 3),
(1, 'App\\Models\\Admin', 5),
(1, 'App\\Models\\Admin', 7),
(1, 'App\\Models\\Admin', 9),
(1, 'App\\Models\\Admin', 10),
(2, 'App\\Models\\Admin', 7),
(3, 'App\\Models\\Admin', 4),
(3, 'App\\Models\\Admin', 7),
(4, 'App\\Models\\Admin', 6),
(4, 'App\\Models\\Admin', 7),
(5, 'App\\Models\\Admin', 7),
(5, 'App\\Models\\Admin', 8),
(6, 'App\\Models\\Admin', 7);

-- --------------------------------------------------------

--
-- Structure de la table `newsletters`
--

DROP TABLE IF EXISTS `newsletters`;
CREATE TABLE IF NOT EXISTS `newsletters` (
  `id` bigint(20) UNSIGNED NOT NULL AUTO_INCREMENT,
  `email` varchar(191) COLLATE utf8mb4_unicode_ci DEFAULT NULL,
  `status` tinyint(1) NOT NULL DEFAULT '0',
  `created_at` timestamp NULL DEFAULT NULL,
  `updated_at` timestamp NULL DEFAULT NULL,
  PRIMARY KEY (`id`)
) ENGINE=MyISAM AUTO_INCREMENT=2 DEFAULT CHARSET=utf8mb4 COLLATE=utf8mb4_unicode_ci;

--
-- Déchargement des données de la table `newsletters`
--

INSERT INTO `newsletters` (`id`, `email`, `status`, `created_at`, `updated_at`) VALUES
(1, 'blablabla@hotmail.com', 0, '2021-12-23 20:55:59', '2021-12-23 20:55:59');

-- --------------------------------------------------------

--
-- Structure de la table `notifications`
--

DROP TABLE IF EXISTS `notifications`;
CREATE TABLE IF NOT EXISTS `notifications` (
  `id` char(36) COLLATE utf8mb4_unicode_ci NOT NULL,
  `type` varchar(191) COLLATE utf8mb4_unicode_ci NOT NULL,
  `notifiable_type` varchar(191) COLLATE utf8mb4_unicode_ci NOT NULL,
  `notifiable_id` bigint(20) UNSIGNED NOT NULL,
  `data` text COLLATE utf8mb4_unicode_ci NOT NULL,
  `read_at` timestamp NULL DEFAULT NULL,
  `created_at` timestamp NULL DEFAULT NULL,
  `updated_at` timestamp NULL DEFAULT NULL,
  PRIMARY KEY (`id`),
  KEY `notifications_notifiable_type_notifiable_id_index` (`notifiable_type`,`notifiable_id`)
) ENGINE=MyISAM DEFAULT CHARSET=utf8mb4 COLLATE=utf8mb4_unicode_ci;

-- --------------------------------------------------------

--
-- Structure de la table `offers`
--

DROP TABLE IF EXISTS `offers`;
CREATE TABLE IF NOT EXISTS `offers` (
  `id` bigint(20) UNSIGNED NOT NULL AUTO_INCREMENT,
  `title_offer` varchar(191) COLLATE utf8mb4_unicode_ci DEFAULT NULL,
  `description_offer` mediumtext COLLATE utf8mb4_unicode_ci,
  `start_date` date DEFAULT NULL,
  `end_date` date DEFAULT NULL,
  `end_date_delai` date DEFAULT NULL,
  `type_contrat_id` bigint(20) UNSIGNED NOT NULL,
  `ville_id` bigint(20) UNSIGNED NOT NULL,
  `user_id` bigint(20) UNSIGNED NOT NULL,
  `total_experience` varchar(191) COLLATE utf8mb4_unicode_ci DEFAULT NULL,
  `expected_salary` varchar(191) COLLATE utf8mb4_unicode_ci DEFAULT NULL,
  `vacancies` int(11) DEFAULT NULL,
  `is_active` int(11) NOT NULL DEFAULT '0',
  `mission` longtext COLLATE utf8mb4_unicode_ci,
  `profile` longtext COLLATE utf8mb4_unicode_ci,
  `status` int(11) NOT NULL DEFAULT '0',
  `secteur_activite_id` bigint(20) UNSIGNED NOT NULL,
  `job_type_id` bigint(20) UNSIGNED NOT NULL,
  `created_at` timestamp NULL DEFAULT NULL,
  `updated_at` timestamp NULL DEFAULT NULL,
  PRIMARY KEY (`id`),
  KEY `offers_secteur_activite_id_foreign` (`secteur_activite_id`),
  KEY `offers_job_type_id_foreign` (`job_type_id`),
  KEY `offers_ville_id_foreign` (`ville_id`),
  KEY `offers_user_id_foreign` (`user_id`),
  KEY `offers_type_contrat_id_foreign` (`type_contrat_id`)
) ENGINE=MyISAM AUTO_INCREMENT=17 DEFAULT CHARSET=utf8mb4 COLLATE=utf8mb4_unicode_ci;

--
-- Déchargement des données de la table `offers`
--

INSERT INTO `offers` (`id`, `title_offer`, `description_offer`, `start_date`, `end_date`, `end_date_delai`, `type_contrat_id`, `ville_id`, `user_id`, `total_experience`, `expected_salary`, `vacancies`, `is_active`, `mission`, `profile`, `status`, `secteur_activite_id`, `job_type_id`, `created_at`, `updated_at`) VALUES
(1, 'test', NULL, '2022-01-07', '2022-04-07', '2022-01-07', 3, 12, 4, '0', NULL, 1, 1, NULL, NULL, 1, 7, 2, '2021-12-30 17:55:06', '2021-12-30 17:55:52'),
(2, 'Jardinage', NULL, '2022-01-08', '2022-07-07', '2022-01-07', 4, 5, 4, '2', NULL, 1, 1, NULL, NULL, 1, 3, 3, '2021-12-30 19:24:00', '2021-12-30 19:25:27'),
(6, 'test2', NULL, '2022-01-07', '2022-04-07', '2022-01-07', 3, 3, 4, '0', NULL, 1, 0, NULL, NULL, 0, 3, 2, '2021-12-30 20:00:32', '2021-12-30 20:00:32'),
(7, 'test2', 'ok', '2022-01-11', '2022-03-12', '2022-01-11', 2, 17, 4, NULL, NULL, NULL, 1, NULL, NULL, 1, 1, 2, '2022-01-03 11:27:38', '2022-01-03 11:29:53'),
(8, 'Jardinage', 'ok', '2022-01-11', '2022-07-10', '2022-01-11', 4, 2, 4, '10', NULL, 2, 1, 'ok', 'ok', 1, 1, 2, '2022-01-03 11:33:10', '2022-01-03 11:34:04'),
(9, 'blabla', 'ok', '2022-01-12', NULL, '2022-01-12', 7, 1, 4, NULL, NULL, NULL, 1, 'ok', NULL, 1, 8, 1, '2022-01-04 13:32:52', '2022-01-04 13:33:23'),
(10, 'jardinage', NULL, '2022-01-12', '2022-04-12', '2022-01-12', 3, 3, 24, NULL, NULL, NULL, 1, 'jardinage saisonier', 'jardinier paysagiste', 1, 6, 3, '2022-01-04 13:41:16', '2022-01-04 13:44:30'),
(11, 'chauffeur', NULL, '2022-01-19', '2022-03-20', '2022-01-12', 2, 1, 24, NULL, NULL, NULL, 0, NULL, 'chauffeur 2 ans d\'expérience', 0, 8, 2, '2022-01-04 14:05:04', '2022-01-04 14:05:04'),
(12, 'test', 'rrr', '2022-01-13', '2022-03-14', '2022-01-13', 2, 15, 71, '5', '5000', 5, 0, 'rrrr', 'rrr', 0, 2, 1, '2022-01-05 18:24:21', '2022-01-05 18:24:21'),
(13, 'test', 'ttttttttttttttttttttttttttttttttttttttttttttttttttronbtjngrjnejrr', '2022-01-13', '2022-03-14', '2022-01-13', 2, 15, 71, '3', '5000', 4, 0, 'ttt', 'ttt', 0, 2, 1, '2022-01-05 18:24:59', '2022-01-05 18:24:59'),
(14, 'test1', 'uuuuuuuuuuuuuuuuuuuuuuuuuuuuuuuuuuuuuuuuuuuuuuu', '2022-01-13', '2022-03-14', '2022-01-13', 2, 18, 71, '5', '70000000000', 455, 0, 'uuuuu', 'uuuuuuuu', 0, 2, 2, '2022-01-05 18:25:33', '2022-01-05 18:25:33'),
(15, 'tttt', 'ttttttttttttttttttggeeeeeeeeeeeeeeeeeeeeeeeeeeeeee', '2022-01-13', '2022-07-12', '2022-01-13', 4, 4, 71, '5', '542222', 50, 0, 'tttt', 'ttttt', 0, 4, 1, '2022-01-05 18:36:56', '2022-01-05 18:36:56'),
(16, 'Chauffeur', NULL, '2022-01-17', '2024-01-07', '2022-01-17', 6, 7, 81, '2', NULL, 1, 0, NULL, NULL, 0, 8, 1, '2022-01-09 15:14:13', '2022-01-09 15:14:13');

-- --------------------------------------------------------

--
-- Structure de la table `offre_historiques`
--

DROP TABLE IF EXISTS `offre_historiques`;
CREATE TABLE IF NOT EXISTS `offre_historiques` (
  `id` bigint(20) UNSIGNED NOT NULL AUTO_INCREMENT,
  `titre_name` varchar(191) COLLATE utf8mb4_unicode_ci DEFAULT NULL,
  `offre_name` varchar(191) COLLATE utf8mb4_unicode_ci DEFAULT NULL,
  `client_id` int(10) UNSIGNED DEFAULT NULL,
  `created_at` timestamp NULL DEFAULT NULL,
  `updated_at` timestamp NULL DEFAULT NULL,
  PRIMARY KEY (`id`),
  KEY `offre_historiques_client_id_foreign` (`client_id`)
) ENGINE=MyISAM AUTO_INCREMENT=120 DEFAULT CHARSET=utf8mb4 COLLATE=utf8mb4_unicode_ci;

--
-- Déchargement des données de la table `offre_historiques`
--

INSERT INTO `offre_historiques` (`id`, `titre_name`, `offre_name`, `client_id`, `created_at`, `updated_at`) VALUES
(1, 'Recherche gardien', 'Annonce crée par', 3, '2021-09-20 12:17:39', '2021-09-20 12:17:39'),
(2, 'pitbul', 'Annonce crée par', 4, '2021-09-20 12:49:57', '2021-09-20 12:49:57'),
(3, 'Une annonce', 'Annonce crée par', 5, '2021-09-20 14:15:42', '2021-09-20 14:15:42'),
(4, 'Une annonce', 'Annonce modifiée par', 2, '2021-09-20 14:16:08', '2021-09-20 14:16:08'),
(5, 'pitbul', 'Annonce modifiée par', 4, '2021-09-20 20:19:47', '2021-09-20 20:19:47'),
(6, 'pitbul', 'Annonce modifiée par', 4, '2021-09-20 20:20:11', '2021-09-20 20:20:11'),
(7, 'pitbul', 'Annonce modifiée par', 2, '2021-09-20 20:20:48', '2021-09-20 20:20:48'),
(8, 'ok', 'Annonce crée par', 4, '2021-09-23 19:14:23', '2021-09-23 19:14:23'),
(9, 'Jardinage', 'Annonce crée par', 4, '2021-09-24 12:49:48', '2021-09-24 12:49:48'),
(10, 'Jardinage', 'Annonce modifiée par', 4, '2021-09-24 13:58:09', '2021-09-24 13:58:09'),
(11, 'titre', 'Annonce crée par', 2, '2021-09-25 09:55:05', '2021-09-25 09:55:05'),
(12, 'JDO', 'Annonce crée par', 4, '2021-09-25 17:25:23', '2021-09-25 17:25:23'),
(13, 'JDO', 'Annonce modifiée par', 2, '2021-09-25 17:26:24', '2021-09-25 17:26:24'),
(14, 'wend', 'Annonce modifiée par', 4, '2021-09-25 17:36:33', '2021-09-25 17:36:33'),
(15, 'wend', 'Annonce modifiée par', 4, '2021-09-25 17:39:17', '2021-09-25 17:39:17'),
(16, 'wend', 'Annonce modifiée par', 4, '2021-09-25 17:40:06', '2021-09-25 17:40:06'),
(17, 'wend', 'Annonce modifiée par', 4, '2021-09-25 17:40:37', '2021-09-25 17:40:37'),
(18, 'wend', 'Annonce modifiée par', 2, '2021-09-25 17:41:18', '2021-09-25 17:41:18'),
(19, 'test2', 'Annonce crée par', 4, '2021-09-27 17:33:27', '2021-09-27 17:33:27'),
(20, 'test2', 'Annonce modifiée par', 2, '2021-09-27 17:36:02', '2021-09-27 17:36:02'),
(21, 'test3', 'Annonce crée par', 4, '2021-09-28 14:41:53', '2021-09-28 14:41:53'),
(22, 'test4', 'Annonce crée par', 4, '2021-09-28 21:29:25', '2021-09-28 21:29:25'),
(23, 'test5', 'Annonce crée par', 4, '2021-10-01 13:50:45', '2021-10-01 13:50:45'),
(24, 'recherche du personnel', 'Annonce crée par', 26, '2021-10-05 05:17:49', '2021-10-05 05:17:49'),
(25, 'Id quibusdam cumque', 'Annonce crée par', 5, '2021-10-05 16:37:19', '2021-10-05 16:37:19'),
(26, 'Id quibusdam cumque', 'Annonce crée par', 5, '2021-10-05 16:38:04', '2021-10-05 16:38:04'),
(27, 'Id quibusdam cumque', 'Annonce modifiée par', 5, '2021-10-05 16:41:04', '2021-10-05 16:41:04'),
(28, 'Id quibusdam cumque', 'Annonce modifiée par', 7, '2021-10-05 19:58:10', '2021-10-05 19:58:10'),
(29, 'Voluptatem Aut est', 'Annonce crée par', 7, '2021-10-05 20:01:33', '2021-10-05 20:01:33'),
(30, 'la tester', 'Annonce crée par', 3, '2021-10-06 13:37:28', '2021-10-06 13:37:28'),
(31, 'trg', 'Annonce crée par', 3, '2021-10-06 16:54:32', '2021-10-06 16:54:32'),
(32, 'trg', 'Annonce crée par', 3, '2021-10-06 16:58:43', '2021-10-06 16:58:43'),
(33, 'th', 'Annonce crée par', 3, '2021-10-06 17:00:59', '2021-10-06 17:00:59'),
(34, 'g', 'Annonce crée par', 3, '2021-10-06 17:21:04', '2021-10-06 17:21:04'),
(35, 'g', 'Annonce modifiée par', 2, '2021-10-06 17:51:38', '2021-10-06 17:51:38'),
(36, 'Neque debitis enim i', 'Annonce crée par', 5, '2021-10-07 08:16:52', '2021-10-07 08:16:52'),
(37, 'Text', 'Annonce crée par', 3, '2021-10-10 08:11:37', '2021-10-10 08:11:37'),
(38, 'Tutorat', 'Annonce crée par', 23, '2021-10-10 13:47:16', '2021-10-10 13:47:16'),
(39, 'Tutorat', 'Annonce modifiée par', 23, '2021-10-10 13:48:02', '2021-10-10 13:48:02'),
(40, 'Tutorat', 'Annonce modifiée par', 2, '2021-10-10 16:13:34', '2021-10-10 16:13:34'),
(41, 'Nostrum at tempore', 'Annonce crée par', 5, '2021-10-14 16:52:59', '2021-10-14 16:52:59'),
(42, 'Repudiandae dicta er', 'Annonce crée par', 5, '2021-10-14 17:25:07', '2021-10-14 17:25:07'),
(43, 'Alias amet blanditi', 'Annonce crée par', 5, '2021-10-14 17:37:05', '2021-10-14 17:37:05'),
(44, 'test', 'Annonce crée par ', 3, '2021-10-14 19:40:49', '2021-10-14 19:40:49'),
(45, 'Text2', 'Annonce modifiée par', 3, '2021-10-15 14:31:04', '2021-10-15 14:31:04'),
(46, 'test', 'Annonce crée par ', 3, '2021-10-15 14:32:23', '2021-10-15 14:32:23'),
(47, 'tor', 'Annonce crée par ', 4, '2021-10-15 17:53:47', '2021-10-15 17:53:47'),
(48, 'yyyyy', 'Annonce crée par', 3, '2021-10-20 17:26:06', '2021-10-20 17:26:06'),
(49, 'okl', 'Annonce crée par', 4, '2021-10-23 16:12:04', '2021-10-23 16:12:04'),
(50, 'tout', 'Annonce crée par', 4, '2021-10-23 19:18:28', '2021-10-23 19:18:28'),
(51, 'tout', 'Annonce crée par', 4, '2021-10-23 19:18:28', '2021-10-23 19:18:28'),
(52, 'tout', 'Annonce crée par', 4, '2021-10-23 19:18:28', '2021-10-23 19:18:28'),
(53, 'tout', 'Annonce crée par', 4, '2021-10-23 19:18:28', '2021-10-23 19:18:28'),
(54, 'Loyer', 'Annonce crée par', 3, '2021-10-30 08:00:07', '2021-10-30 08:00:07'),
(55, 'test2', 'Annonce crée par', 76, '2021-12-28 01:30:10', '2021-12-28 01:30:10'),
(56, 'menage', 'Annonce crée par', 24, '2021-12-28 08:30:08', '2021-12-28 08:30:08'),
(57, 'menage', 'Annonce modifiée par', 9, '2021-12-28 08:40:17', '2021-12-28 08:40:17'),
(58, 'menage', 'Annonce modifiée par', 9, '2021-12-28 08:41:25', '2021-12-28 08:41:25'),
(59, 'recherche jardinier', 'Annonce crée par', 77, '2021-12-28 09:31:45', '2021-12-28 09:31:45'),
(60, 'recherche jardinier', 'Annonce modifiée par', 77, '2021-12-28 09:32:54', '2021-12-28 09:32:54'),
(61, 'recherche jardinier', 'Annonce crée par', 77, '2021-12-28 09:34:33', '2021-12-28 09:34:33'),
(62, 'recherche jardinier', 'Annonce crée par', 77, '2021-12-28 09:36:36', '2021-12-28 09:36:36'),
(63, 'recherche jardinier', 'Annonce modifiée par', 5, '2021-12-28 09:42:24', '2021-12-28 09:42:24'),
(64, 'recherche cuisinier', 'Annonce crée par', 77, '2021-12-28 09:53:40', '2021-12-28 09:53:40'),
(65, 'recherche jardinier', 'Annonce modifiée par', 5, '2021-12-28 09:55:27', '2021-12-28 09:55:27'),
(66, 'recherche cuisinier', 'Annonce modifiée par', 5, '2021-12-28 09:56:22', '2021-12-28 09:56:22'),
(67, 'text', 'Annonce crée par', 71, '2021-12-28 12:39:22', '2021-12-28 12:39:22'),
(68, 'bleu', 'Annonce crée par', 4, '2021-12-28 20:01:26', '2021-12-28 20:01:26'),
(69, 'bleu', 'Annonce modifiée par', 4, '2021-12-28 20:02:51', '2021-12-28 20:02:51'),
(70, 'Avec joie', 'Annonce crée par', 4, '2021-12-29 09:31:19', '2021-12-29 09:31:19'),
(71, 'test annonces', 'Annonce crée par', 4, '2021-12-29 09:42:57', '2021-12-29 09:42:57'),
(72, 'test annonces', 'Annonce modifiée par', 4, '2021-12-29 09:43:22', '2021-12-29 09:43:22'),
(73, 'tanguy test', 'Annonce crée par', 4, '2021-12-29 10:56:15', '2021-12-29 10:56:15'),
(74, 'tanguy test', 'Annonce modifiée par', 2, '2021-12-29 10:59:08', '2021-12-29 10:59:08'),
(75, 'tanguy test', 'Annonce modifiée par', 4, '2021-12-29 14:06:33', '2021-12-29 14:06:33'),
(76, 'tanguy test', 'Annonce modifiée par', 2, '2021-12-29 14:08:17', '2021-12-29 14:08:17'),
(77, 'JDO', 'Annonce crée par', 4, '2021-12-29 16:16:40', '2021-12-29 16:16:40'),
(78, 'JDO', 'Annonce modifiée par', 2, '2021-12-29 16:18:22', '2021-12-29 16:18:22'),
(79, 'test annonces', 'Annonce modifiée par', 2, '2021-12-30 16:37:56', '2021-12-30 16:37:56'),
(80, 'test annonces', 'Annonce modifiée par', 2, '2021-12-30 16:39:04', '2021-12-30 16:39:04'),
(81, 'Avec joie', 'Annonce modifiée par', 2, '2021-12-30 16:41:37', '2021-12-30 16:41:37'),
(82, 'bleu', 'Annonce modifiée par', 2, '2021-12-30 16:58:33', '2021-12-30 16:58:33'),
(83, 'text', 'Annonce modifiée par', 2, '2021-12-30 17:00:43', '2021-12-30 17:00:43'),
(84, 'Loyer', 'Annonce modifiée par', 2, '2021-12-30 17:03:26', '2021-12-30 17:03:26'),
(85, 'test2', 'Annonce modifiée par', 2, '2021-12-30 17:03:50', '2021-12-30 17:03:50'),
(86, 'okl', 'Annonce modifiée par', 2, '2021-12-30 17:04:00', '2021-12-30 17:04:00'),
(87, 'yyyyy', 'Annonce modifiée par', 2, '2021-12-30 17:04:14', '2021-12-30 17:04:14'),
(88, 'tor', 'Annonce modifiée par', 2, '2021-12-30 17:04:27', '2021-12-30 17:04:27'),
(89, 'Alias amet blanditi', 'Annonce modifiée par', 2, '2021-12-30 17:04:41', '2021-12-30 17:04:41'),
(90, 'Repudiandae dicta er', 'Annonce modifiée par', 2, '2021-12-30 17:04:51', '2021-12-30 17:04:51'),
(91, 'Nostrum at tempore', 'Annonce modifiée par', 2, '2021-12-30 17:04:59', '2021-12-30 17:04:59'),
(92, 'Neque debitis enim i', 'Annonce modifiée par', 2, '2021-12-30 17:05:16', '2021-12-30 17:05:16'),
(93, 'recherche du personnel', 'Annonce modifiée par', 2, '2021-12-30 17:05:35', '2021-12-30 17:05:35'),
(94, 'Jardinage', 'Annonce modifiée par', 2, '2021-12-30 17:05:48', '2021-12-30 17:05:48'),
(95, 'blabla', 'Annonce crée par', 4, '2021-12-30 17:11:21', '2021-12-30 17:11:21'),
(96, 'TANGUY TEST', 'Annonce crée par', 4, '2021-12-30 17:17:44', '2021-12-30 17:17:44'),
(97, 'ergtb', 'Annonce crée par', 4, '2021-12-30 17:47:26', '2021-12-30 17:47:26'),
(98, 'test', 'Annonce crée par', 4, '2021-12-30 17:55:06', '2021-12-30 17:55:06'),
(99, 'test', 'Annonce modifiée par', 2, '2021-12-30 17:55:52', '2021-12-30 17:55:52'),
(100, 'Jardinage', 'Annonce crée par', 4, '2021-12-30 19:24:00', '2021-12-30 19:24:00'),
(101, 'Jardinage', 'Annonce modifiée par', 2, '2021-12-30 19:25:27', '2021-12-30 19:25:27'),
(102, 'test2', 'Annonce crée par', 4, '2021-12-30 19:43:11', '2021-12-30 19:43:11'),
(103, 'test2', 'Annonce crée par', 4, '2021-12-30 19:45:26', '2021-12-30 19:45:26'),
(104, 'ok', 'Annonce crée par', 4, '2021-12-30 19:47:31', '2021-12-30 19:47:31'),
(105, 'test2', 'Annonce crée par', 4, '2021-12-30 20:00:32', '2021-12-30 20:00:32'),
(106, 'test2', 'Annonce crée par', 4, '2022-01-03 11:27:38', '2022-01-03 11:27:38'),
(107, 'test2', 'Annonce modifiée par', 2, '2022-01-03 11:29:53', '2022-01-03 11:29:53'),
(108, 'Jardinage', 'Annonce crée par', 4, '2022-01-03 11:33:10', '2022-01-03 11:33:10'),
(109, 'Jardinage', 'Annonce modifiée par', 2, '2022-01-03 11:34:04', '2022-01-03 11:34:04'),
(110, 'blabla', 'Annonce crée par', 4, '2022-01-04 13:32:52', '2022-01-04 13:32:52'),
(111, 'blabla', 'Annonce modifiée par', 9, '2022-01-04 13:33:23', '2022-01-04 13:33:23'),
(112, 'jardinage', 'Annonce crée par', 24, '2022-01-04 13:41:16', '2022-01-04 13:41:16'),
(113, 'jardinage', 'Annonce modifiée par', 10, '2022-01-04 13:44:30', '2022-01-04 13:44:30'),
(114, 'chauffeur', 'Annonce crée par', 24, '2022-01-04 14:05:04', '2022-01-04 14:05:04'),
(115, 'test', 'Annonce crée par', 71, '2022-01-05 18:24:21', '2022-01-05 18:24:21'),
(116, 'test', 'Annonce crée par', 71, '2022-01-05 18:24:59', '2022-01-05 18:24:59'),
(117, 'test1', 'Annonce crée par', 71, '2022-01-05 18:25:33', '2022-01-05 18:25:33'),
(118, 'tttt', 'Annonce crée par', 71, '2022-01-05 18:36:56', '2022-01-05 18:36:56'),
(119, 'Chauffeur', 'Annonce crée par', 81, '2022-01-09 15:14:13', '2022-01-09 15:14:13');

-- --------------------------------------------------------

--
-- Structure de la table `password_resets`
--

DROP TABLE IF EXISTS `password_resets`;
CREATE TABLE IF NOT EXISTS `password_resets` (
  `email` varchar(191) COLLATE utf8mb4_unicode_ci NOT NULL,
  `token` varchar(191) COLLATE utf8mb4_unicode_ci NOT NULL,
  `created_at` timestamp NULL DEFAULT NULL,
  KEY `password_resets_email_index` (`email`)
) ENGINE=MyISAM DEFAULT CHARSET=utf8mb4 COLLATE=utf8mb4_unicode_ci;

--
-- Déchargement des données de la table `password_resets`
--

INSERT INTO `password_resets` (`email`, `token`, `created_at`) VALUES
('kawokou122@gmail.com', '$2y$10$wqhwmZhG.2mpEmzOZQJss.F8GhUj.XlAqu0FnS7hpGj8hjco4J0J.', '2021-10-12 06:57:55');

-- --------------------------------------------------------

--
-- Structure de la table `permissions`
--

DROP TABLE IF EXISTS `permissions`;
CREATE TABLE IF NOT EXISTS `permissions` (
  `id` int(10) UNSIGNED NOT NULL AUTO_INCREMENT,
  `name` varchar(191) COLLATE utf8mb4_unicode_ci NOT NULL,
  `guard_name` varchar(191) COLLATE utf8mb4_unicode_ci NOT NULL,
  `created_at` timestamp NULL DEFAULT NULL,
  `updated_at` timestamp NULL DEFAULT NULL,
  PRIMARY KEY (`id`)
) ENGINE=MyISAM AUTO_INCREMENT=143 DEFAULT CHARSET=utf8mb4 COLLATE=utf8mb4_unicode_ci;

--
-- Déchargement des données de la table `permissions`
--

INSERT INTO `permissions` (`id`, `name`, `guard_name`, `created_at`, `updated_at`) VALUES
(1, 'Lister contrats', 'admin', '2021-08-25 12:18:51', '2021-08-25 12:18:51'),
(2, 'Creer contrat', 'admin', '2021-08-25 12:19:04', '2021-08-25 12:19:04'),
(3, 'Modifier contrat', 'admin', '2021-08-25 12:19:27', '2021-08-25 12:19:27'),
(4, 'Voir contrat', 'admin', '2021-08-25 12:20:09', '2021-08-25 12:20:09'),
(5, 'Supprimer contrat', 'admin', '2021-08-25 12:20:23', '2021-08-25 12:20:23'),
(6, 'Lister reservations', 'admin', '2021-08-25 12:22:41', '2021-08-25 12:22:41'),
(7, 'Creer reservation', 'admin', '2021-08-25 12:22:56', '2021-08-25 12:22:56'),
(8, 'Modifier reservation', 'admin', '2021-08-25 12:23:08', '2021-08-25 12:23:08'),
(9, 'Voir reservation', 'admin', '2021-08-25 12:23:26', '2021-08-25 12:23:26'),
(10, 'Supprimer reservation', 'admin', '2021-08-25 12:23:38', '2021-08-25 12:23:38'),
(11, 'Lister requetes', 'admin', '2021-09-03 06:29:25', '2021-09-03 06:29:25'),
(12, 'Creer requete', 'admin', '2021-09-03 06:29:39', '2021-09-03 06:29:39'),
(13, 'Modifier requete', 'admin', '2021-09-03 06:30:05', '2021-09-03 06:30:05'),
(14, 'Voir requete', 'admin', '2021-09-03 06:30:20', '2021-09-03 06:30:20'),
(15, 'Supprimer requete', 'admin', '2021-09-03 06:30:59', '2021-09-03 06:30:59'),
(16, 'Lister annonces', 'admin', '2021-09-03 06:34:37', '2021-09-07 04:51:25'),
(17, 'Creer annonce', 'admin', '2021-09-03 06:35:57', '2021-09-07 04:51:47'),
(18, 'Modifier annonce', 'admin', '2021-09-03 06:36:11', '2021-09-07 04:52:04'),
(19, 'Voir annonce', 'admin', '2021-09-03 06:36:24', '2021-09-07 04:52:20'),
(20, 'Lister candidatures', 'admin', '2021-09-03 06:37:08', '2021-09-03 06:37:08'),
(21, 'Voir candidature', 'admin', '2021-09-03 06:37:21', '2021-09-03 06:37:21'),
(22, 'Supprimer candidature', 'admin', '2021-09-03 06:37:34', '2021-09-03 06:37:34'),
(23, 'Lister clients', 'admin', '2021-09-03 06:38:00', '2021-09-03 06:38:00'),
(24, 'Creer client', 'admin', '2021-09-03 06:38:19', '2021-09-03 06:38:19'),
(25, 'Modifier client', 'admin', '2021-09-03 06:38:35', '2021-09-03 06:38:35'),
(26, 'Voir client', 'admin', '2021-09-03 06:39:43', '2021-09-03 06:39:43'),
(27, 'Supprimer client', 'admin', '2021-09-03 06:39:56', '2021-09-03 06:39:56'),
(28, 'Lister prestataires', 'admin', '2021-09-03 06:42:00', '2021-09-03 06:42:00'),
(29, 'Creer prestataire', 'admin', '2021-09-03 06:42:17', '2021-09-03 06:42:17'),
(30, 'Modifier prestataire', 'admin', '2021-09-03 06:42:32', '2021-09-03 06:42:32'),
(31, 'Voir prestataire', 'admin', '2021-09-03 06:42:51', '2021-09-03 06:42:51'),
(32, 'Supprimer prestataire', 'admin', '2021-09-03 06:43:08', '2021-09-03 06:43:08'),
(33, 'Lister secteurs', 'admin', '2021-09-03 06:45:08', '2021-09-03 06:45:08'),
(34, 'Creer secteur', 'admin', '2021-09-03 06:45:19', '2021-09-03 06:45:19'),
(35, 'Modifier secteur', 'admin', '2021-09-03 06:45:33', '2021-09-03 06:45:33'),
(36, 'Voir secteur', 'admin', '2021-09-03 06:45:47', '2021-09-03 06:45:47'),
(37, 'Supprimer secteur', 'admin', '2021-09-03 06:46:06', '2021-09-03 06:46:06'),
(38, 'Lister demandes formations', 'admin', '2021-09-03 06:55:33', '2021-09-03 06:55:33'),
(39, 'Voir demande formation', 'admin', '2021-09-03 07:32:38', '2021-09-03 07:32:38'),
(40, 'Supprimer demande formation', 'admin', '2021-09-03 07:32:53', '2021-09-03 07:32:53'),
(41, 'Lister categories FAQ', 'admin', '2021-09-03 07:33:19', '2021-09-03 07:33:19'),
(42, 'Creer categorie FAQ', 'admin', '2021-09-03 07:33:33', '2021-09-03 07:33:33'),
(43, 'Modifier categorie FAQ', 'admin', '2021-09-03 07:33:46', '2021-09-03 07:33:46'),
(44, 'Voir categorie FAQ', 'admin', '2021-09-03 07:33:59', '2021-09-03 07:33:59'),
(45, 'Supprimer categorie FAQ', 'admin', '2021-09-03 07:35:23', '2021-09-03 07:35:23'),
(46, 'Lister FAQs', 'admin', '2021-09-03 07:35:42', '2021-09-03 07:35:42'),
(47, 'Creer FAQ', 'admin', '2021-09-03 07:35:53', '2021-09-03 07:35:53'),
(48, 'Modifier FAQ', 'admin', '2021-09-03 07:36:05', '2021-09-03 07:36:05'),
(49, 'Voir FAQ', 'admin', '2021-09-03 07:36:16', '2021-09-03 07:36:16'),
(50, 'Supprimer FAQ', 'admin', '2021-09-03 07:36:29', '2021-09-03 07:36:29'),
(51, 'Lister categories', 'admin', '2021-09-03 07:36:51', '2021-09-03 07:36:51'),
(52, 'Creer categorie', 'admin', '2021-09-03 07:37:03', '2021-09-03 07:37:03'),
(53, 'Modifier categorie', 'admin', '2021-09-03 07:37:15', '2021-09-03 07:37:15'),
(54, 'Voir categorie', 'admin', '2021-09-03 07:37:28', '2021-09-03 07:37:28'),
(55, 'Supprimer categorie', 'admin', '2021-09-03 07:37:39', '2021-09-03 07:37:39'),
(56, 'Lister posts', 'admin', '2021-09-04 13:21:39', '2021-09-04 13:21:39'),
(57, 'Creer post', 'admin', '2021-09-04 13:21:52', '2021-09-04 13:21:52'),
(58, 'Modifier post', 'admin', '2021-09-04 13:22:05', '2021-09-04 13:22:05'),
(59, 'Voir post', 'admin', '2021-09-04 13:22:17', '2021-09-04 13:22:17'),
(60, 'Supprimer post', 'admin', '2021-09-04 13:22:29', '2021-09-04 13:22:29'),
(61, 'Lister formations', 'admin', '2021-09-04 13:22:56', '2021-09-04 13:22:56'),
(62, 'Creer formation', 'admin', '2021-09-04 13:23:08', '2021-09-04 13:23:08'),
(63, 'Modifier formation', 'admin', '2021-09-04 13:23:19', '2021-09-04 13:23:19'),
(64, 'Supprimer formation', 'admin', '2021-09-04 13:23:47', '2021-09-04 13:23:47'),
(65, 'Voir formation', 'admin', '2021-09-04 13:24:04', '2021-09-04 13:24:04'),
(66, 'Lister types formations', 'admin', '2021-09-04 14:04:13', '2021-09-04 14:04:13'),
(67, 'Creer type formation', 'admin', '2021-09-04 14:04:27', '2021-09-04 14:04:27'),
(68, 'Modifier type formation', 'admin', '2021-09-04 14:04:39', '2021-09-04 14:04:39'),
(69, 'Voir type formation', 'admin', '2021-09-04 14:04:51', '2021-09-04 14:04:51'),
(70, 'Supprimer type formation', 'admin', '2021-09-04 14:05:04', '2021-09-04 14:05:04'),
(71, 'Lister types contrats', 'admin', '2021-09-04 14:06:01', '2021-09-04 14:06:01'),
(72, 'Creer type contrat', 'admin', '2021-09-04 14:06:16', '2021-09-04 14:06:16'),
(73, 'Modifier type contrat', 'admin', '2021-09-04 14:06:31', '2021-09-04 14:06:31'),
(74, 'Voir type contrat', 'admin', '2021-09-04 14:06:55', '2021-09-04 14:06:55'),
(75, 'Supprimer type contrat', 'admin', '2021-09-04 14:07:13', '2021-09-04 14:07:13'),
(76, 'Lister types emplois', 'admin', '2021-09-04 14:08:07', '2021-09-04 14:08:07'),
(77, 'Creer type emploi', 'admin', '2021-09-04 14:08:18', '2021-09-04 14:08:18'),
(78, 'Modifier type emploi', 'admin', '2021-09-04 14:08:31', '2021-09-04 14:08:31'),
(79, 'Voir type emploi', 'admin', '2021-09-04 14:08:47', '2021-09-04 14:08:47'),
(80, 'Supprimer type emploi', 'admin', '2021-09-04 14:09:01', '2021-09-04 14:09:01'),
(81, 'Lister quotations', 'admin', '2021-09-04 14:09:51', '2021-09-04 14:09:51'),
(82, 'Creer quotation', 'admin', '2021-09-04 14:10:05', '2021-09-04 14:10:05'),
(83, 'Modifier quotation', 'admin', '2021-09-04 14:10:18', '2021-09-04 14:10:18'),
(84, 'Voir quotation', 'admin', '2021-09-04 14:10:31', '2021-09-04 14:10:31'),
(85, 'Supprimer quotation', 'admin', '2021-09-04 14:10:49', '2021-09-04 14:10:49'),
(86, 'Lister villes', 'admin', '2021-09-04 14:13:15', '2021-09-04 14:13:15'),
(87, 'Creer ville', 'admin', '2021-09-04 14:13:29', '2021-09-04 14:13:29'),
(88, 'Modifier ville', 'admin', '2021-09-04 14:13:43', '2021-09-04 14:13:43'),
(89, 'Voir ville', 'admin', '2021-09-04 14:14:02', '2021-09-04 14:14:02'),
(90, 'Supprimer ville', 'admin', '2021-09-04 14:14:17', '2021-09-04 14:14:17'),
(91, 'Lister regions', 'admin', '2021-09-04 14:14:51', '2021-09-04 14:14:51'),
(92, 'Creer region', 'admin', '2021-09-04 14:15:05', '2021-09-04 14:15:05'),
(93, 'Modifier region', 'admin', '2021-09-04 14:15:19', '2021-09-04 14:15:19'),
(94, 'Voir region', 'admin', '2021-09-04 14:15:34', '2021-09-04 14:15:34'),
(95, 'Supprimer region', 'admin', '2021-09-04 14:15:49', '2021-09-04 14:15:49'),
(96, 'Lister types absence', 'admin', '2021-09-04 14:16:13', '2021-09-04 14:16:13'),
(97, 'Creer type absence', 'admin', '2021-09-04 14:16:27', '2021-09-07 04:16:12'),
(98, 'Modifier type absence', 'admin', '2021-09-04 14:16:40', '2021-09-07 04:16:46'),
(99, 'Voir type absence', 'admin', '2021-09-04 14:17:18', '2021-09-07 04:18:04'),
(100, 'Supprimer  type absence', 'admin', '2021-09-04 14:17:38', '2021-09-07 04:17:07'),
(101, 'Valider demande absence', 'admin', '2021-09-04 14:26:50', '2021-09-04 14:26:50'),
(102, 'Supprimer demande absence', 'admin', '2021-09-04 14:27:06', '2021-09-04 14:27:06'),
(103, 'Lister types conge', 'admin', '2021-09-04 14:27:19', '2021-09-04 14:27:19'),
(104, 'Creer types conge', 'admin', '2021-09-04 14:27:40', '2021-09-04 14:27:40'),
(105, 'Modifier type conge', 'admin', '2021-09-04 14:27:52', '2021-09-07 04:15:33'),
(106, 'Supprimer type conge', 'admin', '2021-09-04 14:28:06', '2021-09-07 04:17:37'),
(107, 'Valider demande conge', 'admin', '2021-09-04 14:28:20', '2021-09-04 14:28:20'),
(108, 'Supprimer demande conge', 'admin', '2021-09-04 14:28:48', '2021-09-04 14:28:48'),
(109, 'Comptable', 'admin', '2021-09-04 14:28:59', '2021-09-07 04:41:56'),
(110, 'Annonce historique', 'admin', '2021-09-07 04:43:48', '2021-09-07 04:43:48'),
(111, 'Lister rappels', 'admin', '2021-09-07 04:44:54', '2021-09-07 04:44:54'),
(112, 'Lister signalers absences', 'admin', '2021-09-07 04:46:35', '2021-09-07 09:42:54'),
(113, 'Lister demandes conges', 'admin', '2021-09-07 04:47:37', '2021-09-07 09:43:26'),
(114, 'Lister demandes absences', 'admin', '2021-09-07 04:48:15', '2021-09-07 09:42:15'),
(115, 'Voir demande absence', 'admin', '2021-09-07 09:57:59', '2021-09-07 09:57:59'),
(116, 'Voir demande conge', 'admin', '2021-09-07 10:00:12', '2021-09-07 10:00:12'),
(117, 'Creer cnss', 'admin', '2021-09-07 10:02:16', '2021-09-07 10:02:16'),
(118, 'Modifier cnss', 'admin', '2021-09-07 10:02:32', '2021-09-07 10:02:32'),
(119, 'Supprimer cnss', 'admin', '2021-09-07 10:02:45', '2021-09-07 10:02:45'),
(120, 'Imprimer facture', 'admin', '2021-09-07 10:04:03', '2021-09-07 10:04:03'),
(121, 'Voir signaler absence', 'admin', '2021-09-07 10:10:07', '2021-09-07 10:10:07'),
(122, 'Supprimer signaler absence', 'admin', '2021-09-07 10:10:28', '2021-09-07 10:10:28'),
(123, 'Valider signaler absence', 'admin', '2021-09-07 10:10:41', '2021-09-07 10:10:41'),
(124, 'Traiter rappel', 'admin', '2021-09-07 10:12:46', '2021-09-07 10:12:46'),
(125, 'Modifier prime', 'admin', '2021-09-07 10:21:41', '2021-09-07 10:21:41'),
(126, 'Supprimer annonce', 'admin', '2021-09-07 10:25:08', '2021-09-07 10:25:08'),
(127, 'Traiter annonce', 'admin', '2021-09-07 10:27:46', '2021-09-07 10:27:46'),
(128, 'Traiter candidature', 'admin', '2021-09-07 10:35:33', '2021-09-07 10:35:33'),
(129, 'Creer irrp', 'admin', '2021-09-07 10:37:44', '2021-09-07 10:37:44'),
(130, 'Modifier irrp', 'admin', '2021-09-07 10:38:37', '2021-09-07 10:38:37'),
(131, 'Supprimer irrp', 'admin', '2021-09-07 10:38:55', '2021-09-07 10:38:55'),
(132, 'Creer utilisateur', 'admin', '2021-09-07 12:40:54', '2021-09-07 12:40:54'),
(133, 'Modifier utilisateur', 'admin', '2021-09-07 12:41:10', '2021-09-07 12:41:10'),
(134, 'Supprimer utilisateur', 'admin', '2021-09-07 12:41:22', '2021-09-07 12:41:22'),
(135, 'Creer role', 'admin', '2021-09-07 12:43:11', '2021-09-07 12:43:11'),
(136, 'Modifier role', 'admin', '2021-09-07 12:43:27', '2021-09-07 12:43:27'),
(137, 'Supprimer role', 'admin', '2021-09-07 12:43:39', '2021-09-07 12:43:39'),
(138, 'Lister utilisateurs', 'admin', '2021-09-07 12:45:02', '2021-09-07 12:45:02'),
(139, 'Lister permissions', 'admin', '2021-09-07 12:48:35', '2021-09-07 12:48:35'),
(140, 'Lister roles', 'admin', '2021-09-07 12:48:47', '2021-09-07 12:48:47'),
(141, 'Le droit des dieux 😌', 'admin', '2021-09-14 22:02:18', '2021-09-14 22:08:34'),
(142, 'Supprimer type absence', 'admin', '2021-09-15 08:51:44', '2021-09-15 08:51:44');

-- --------------------------------------------------------

--
-- Structure de la table `posts`
--

DROP TABLE IF EXISTS `posts`;
CREATE TABLE IF NOT EXISTS `posts` (
  `id` bigint(20) UNSIGNED NOT NULL AUTO_INCREMENT,
  `title_post` varchar(191) COLLATE utf8mb4_unicode_ci DEFAULT NULL,
  `description_post` mediumtext COLLATE utf8mb4_unicode_ci,
  `body_post` longtext COLLATE utf8mb4_unicode_ci NOT NULL,
  `cover_image` varchar(191) COLLATE utf8mb4_unicode_ci DEFAULT NULL,
  `category_id` bigint(20) UNSIGNED NOT NULL,
  `user_id` int(11) DEFAULT NULL,
  `status` tinyint(1) NOT NULL DEFAULT '0',
  `created_at` timestamp NULL DEFAULT NULL,
  `updated_at` timestamp NULL DEFAULT NULL,
  PRIMARY KEY (`id`),
  KEY `posts_category_id_foreign` (`category_id`),
  KEY `posts_user_id_foreign` (`user_id`)
) ENGINE=MyISAM AUTO_INCREMENT=5 DEFAULT CHARSET=utf8mb4 COLLATE=utf8mb4_unicode_ci;

--
-- Déchargement des données de la table `posts`
--

INSERT INTO `posts` (`id`, `title_post`, `description_post`, `body_post`, `cover_image`, `category_id`, `user_id`, `status`, `created_at`, `updated_at`) VALUES
(1, 'CENTRALRESOURCE RECRUTE 4 PRESTATAIRES À DOMICILE', 'J\'ignore ce que c\'est', '<p>Vous recherchez un emploi stable en CDI Vous appréciez vous sentir utile en rendant service&nbsp;aux personnes Vous attendez de votre travail qu’il s’adapte à vos disponibilités et contraintes Vous souhaitez intégrer une entreprise humaine, qui donne du sens à votre carrière et vous permet d’évoluer Vous êtes au bon endroit&nbsp;! Dès à présent et au cours des prochains mois, nous allons avoir besoin de toutes vos compétences&nbsp;au sein de notre réseau.&nbsp;Auxiliaires de Vie, Gardes d’Enfants et Assistant(e)s Ménager(e)s&nbsp;: découvrez les offres qui vous correspondent, postulez et&nbsp;rejoignez nos équipes pour intervenir aux domiciles de nos clients Intégrer&nbsp;CENTRAL RESSOURCE, c’est intégrer une entreprise solide qui vous accompagne, qui vous forme et qui place votre sécurité au cœur de ses priorités&nbsp;(processus de&nbsp;recrutement&nbsp;à distance, adaptés à nos prestations, mise à disposition d’équipements et moyens de protection au regard du contexte sanitaire).Intégrer&nbsp;CENTRAL RESSOURCE, c’est enfin intégrer une entreprise aux valeurs fortes et engagée à vos côtés : n’hésitez pas à en découvrir davantage&nbsp;ICI Nous avons hâte de vous rencontrer.</p>', NULL, 1, 2, 1, '2021-08-25 21:27:57', '2021-09-14 21:21:44'),
(4, 'Nous recrutons 2 chauffeurs', NULL, 'Permis Categorie B, 5ans d\'experience pour un contrat de 3 mois renouvelable', '6172bfca76166_1634910154.jpg', 1, 7, 1, '2021-10-14 17:46:43', '2021-10-22 11:42:34');

-- --------------------------------------------------------

--
-- Structure de la table `post_dates`
--

DROP TABLE IF EXISTS `post_dates`;
CREATE TABLE IF NOT EXISTS `post_dates` (
  `id` bigint(20) UNSIGNED NOT NULL AUTO_INCREMENT,
  `nb_day_post` int(11) NOT NULL,
  `created_at` timestamp NULL DEFAULT NULL,
  `updated_at` timestamp NULL DEFAULT NULL,
  PRIMARY KEY (`id`)
) ENGINE=MyISAM AUTO_INCREMENT=3 DEFAULT CHARSET=utf8mb4 COLLATE=utf8mb4_unicode_ci;

--
-- Déchargement des données de la table `post_dates`
--

INSERT INTO `post_dates` (`id`, `nb_day_post`, `created_at`, `updated_at`) VALUES
(1, 8, NULL, NULL),
(2, 10, NULL, NULL);

-- --------------------------------------------------------

--
-- Structure de la table `primes`
--

DROP TABLE IF EXISTS `primes`;
CREATE TABLE IF NOT EXISTS `primes` (
  `id` bigint(20) UNSIGNED NOT NULL AUTO_INCREMENT,
  `contrat_id` bigint(20) UNSIGNED NOT NULL,
  `date_primes` date DEFAULT NULL,
  `montant_prime` varchar(191) COLLATE utf8mb4_unicode_ci DEFAULT NULL,
  `motif` text COLLATE utf8mb4_unicode_ci,
  `created_at` timestamp NULL DEFAULT NULL,
  `updated_at` timestamp NULL DEFAULT NULL,
  PRIMARY KEY (`id`),
  KEY `primes_contrat_id_foreign` (`contrat_id`)
) ENGINE=MyISAM AUTO_INCREMENT=2 DEFAULT CHARSET=utf8mb4 COLLATE=utf8mb4_unicode_ci;

--
-- Déchargement des données de la table `primes`
--

INSERT INTO `primes` (`id`, `contrat_id`, `date_primes`, `montant_prime`, `motif`, `created_at`, `updated_at`) VALUES
(1, 3, '2019-12-12', '0', NULL, '2021-10-14 18:03:23', '2021-10-14 18:03:23');

-- --------------------------------------------------------

--
-- Structure de la table `profiles`
--

DROP TABLE IF EXISTS `profiles`;
CREATE TABLE IF NOT EXISTS `profiles` (
  `id` bigint(20) UNSIGNED NOT NULL AUTO_INCREMENT,
  `user_id` bigint(20) UNSIGNED NOT NULL,
  `location` varchar(191) COLLATE utf8mb4_unicode_ci DEFAULT NULL,
  `bio` text COLLATE utf8mb4_unicode_ci,
  `avatar` varchar(191) COLLATE utf8mb4_unicode_ci DEFAULT NULL,
  `avatar_status` tinyint(1) NOT NULL DEFAULT '0',
  `created_at` timestamp NULL DEFAULT NULL,
  `updated_at` timestamp NULL DEFAULT NULL,
  PRIMARY KEY (`id`),
  KEY `profiles_user_id_index` (`user_id`)
) ENGINE=MyISAM DEFAULT CHARSET=utf8mb4 COLLATE=utf8mb4_unicode_ci;

-- --------------------------------------------------------

--
-- Structure de la table `quotations`
--

DROP TABLE IF EXISTS `quotations`;
CREATE TABLE IF NOT EXISTS `quotations` (
  `id` bigint(20) UNSIGNED NOT NULL AUTO_INCREMENT,
  `last_name` varchar(191) COLLATE utf8mb4_unicode_ci DEFAULT NULL,
  `first_name` varchar(191) COLLATE utf8mb4_unicode_ci DEFAULT NULL,
  `email` varchar(191) COLLATE utf8mb4_unicode_ci DEFAULT NULL,
  `phone_number` varchar(191) COLLATE utf8mb4_unicode_ci DEFAULT NULL,
  `address` mediumtext COLLATE utf8mb4_unicode_ci,
  `gender` varchar(191) COLLATE utf8mb4_unicode_ci DEFAULT NULL,
  `range` varchar(191) COLLATE utf8mb4_unicode_ci DEFAULT NULL,
  `quotation_date` date DEFAULT NULL,
  `treatment_date` date DEFAULT NULL,
  `secteur_activite_id` bigint(20) UNSIGNED NOT NULL,
  `status` tinyint(1) NOT NULL DEFAULT '0',
  `created_at` timestamp NULL DEFAULT NULL,
  `updated_at` timestamp NULL DEFAULT NULL,
  PRIMARY KEY (`id`),
  KEY `quotations_secteur_activite_id_foreign` (`secteur_activite_id`)
) ENGINE=MyISAM AUTO_INCREMENT=4 DEFAULT CHARSET=utf8mb4 COLLATE=utf8mb4_unicode_ci;

--
-- Déchargement des données de la table `quotations`
--

INSERT INTO `quotations` (`id`, `last_name`, `first_name`, `email`, `phone_number`, `address`, `gender`, `range`, `quotation_date`, `treatment_date`, `secteur_activite_id`, `status`, `created_at`, `updated_at`) VALUES
(1, 'SOSSOU-GAH', 'Ezéchiel', 'ezecsossougah@gmail.com', '+22870546030', 'Lomé/Baguida', 'M', NULL, NULL, NULL, 6, 1, '2021-10-06 02:24:31', '2021-10-22 10:58:57'),
(2, 'SOSSOU-GAH', 'Ezéchiel', 'ezecsossougah@gmail.com', '+22870546030', 'Lomé/Baguida', 'M', '12h-13h', '2021-10-06', NULL, 5, 1, '2021-10-06 02:27:19', '2022-01-03 14:16:40'),
(3, 'PARBEY', 'Dovi', 'jparbey@hotmail.com', '+228090020596', 'Hanoukope', 'M', NULL, NULL, NULL, 4, 1, '2021-10-10 14:34:28', '2021-10-10 16:01:33');

-- --------------------------------------------------------

--
-- Structure de la table `rappels`
--

DROP TABLE IF EXISTS `rappels`;
CREATE TABLE IF NOT EXISTS `rappels` (
  `id` bigint(20) UNSIGNED NOT NULL AUTO_INCREMENT,
  `date_rapel` datetime DEFAULT NULL,
  `horaire_rapel` varchar(191) COLLATE utf8mb4_unicode_ci DEFAULT NULL,
  `phone_number` varchar(191) COLLATE utf8mb4_unicode_ci DEFAULT NULL,
  `status` tinyint(1) NOT NULL DEFAULT '0',
  `comment_rappel` varchar(191) COLLATE utf8mb4_unicode_ci DEFAULT NULL,
  `created_at` timestamp NULL DEFAULT NULL,
  `updated_at` timestamp NULL DEFAULT NULL,
  PRIMARY KEY (`id`)
) ENGINE=MyISAM AUTO_INCREMENT=22 DEFAULT CHARSET=utf8mb4 COLLATE=utf8mb4_unicode_ci;

--
-- Déchargement des données de la table `rappels`
--

INSERT INTO `rappels` (`id`, `date_rapel`, `horaire_rapel`, `phone_number`, `status`, `comment_rappel`, `created_at`, `updated_at`) VALUES
(1, '2021-10-05 00:00:00', NULL, '+22870546030', 1, 'appel ok', '2021-10-05 19:34:17', '2022-01-03 12:40:46'),
(2, '2021-10-06 00:00:00', '15h-16h', '+22870546030', 1, 'ok', '2021-10-05 19:34:42', '2022-01-04 07:27:44'),
(3, '2021-11-03 00:00:00', NULL, '06320001', 1, 'ok', '2021-11-03 14:20:19', '2022-01-04 08:35:58'),
(4, '2021-11-15 00:00:00', NULL, '0698575401', 1, 'ok', '2021-11-15 12:52:38', '2022-01-05 09:00:55'),
(5, '2021-11-18 00:00:00', NULL, '0618440622', 0, NULL, '2021-11-18 09:25:43', '2021-11-18 09:25:43'),
(6, '2021-11-18 00:00:00', NULL, '0618440622', 0, NULL, '2021-11-18 09:25:48', '2021-11-18 09:25:48'),
(7, '2021-11-19 00:00:00', NULL, '07738473', 0, NULL, '2021-11-19 07:25:02', '2021-11-19 07:25:02'),
(8, '2021-11-22 00:00:00', NULL, '07863806', 0, NULL, '2021-11-22 15:28:25', '2021-11-22 15:28:25'),
(9, '2021-11-26 00:00:00', NULL, '07738473', 0, NULL, '2021-11-26 12:08:37', '2021-11-26 12:08:37'),
(10, '2021-11-29 00:00:00', NULL, '0767254627', 0, NULL, '2021-11-29 15:15:56', '2021-11-29 15:15:56'),
(11, '2021-11-30 00:00:00', NULL, '0698575401', 0, NULL, '2021-11-30 16:33:40', '2021-11-30 16:33:40'),
(12, '2021-12-01 00:00:00', NULL, '063502457', 1, 'le client ne décroche pas', '2021-12-01 12:43:46', '2022-01-03 14:07:29'),
(13, '2021-12-01 00:00:00', NULL, '069637826', 1, 'numero invalide', '2021-12-01 12:43:57', '2022-01-03 14:08:34'),
(14, '2021-12-06 00:00:00', '9h-10h', '0612068148', 0, NULL, '2021-12-05 00:05:55', '2021-12-05 00:05:55'),
(15, '2021-12-09 00:00:00', NULL, '07568844', 0, NULL, '2021-12-09 12:42:19', '2021-12-09 12:42:19'),
(16, '2021-12-09 00:00:00', NULL, '0627340524', 0, NULL, '2021-12-09 13:37:13', '2021-12-09 13:37:13'),
(17, '2021-12-10 00:00:00', '10h-11h', '0627340524', 0, NULL, '2021-12-09 13:37:34', '2021-12-09 13:37:34'),
(18, '2021-12-18 00:00:00', '14h-15h', '0345532876', 1, 'non pertinent', '2021-12-18 06:52:47', '2021-12-28 01:23:10'),
(19, '2022-01-03 00:00:00', NULL, '+22890959953', 0, NULL, '2022-01-03 12:13:04', '2022-01-03 12:13:04'),
(20, '2022-01-03 00:00:00', '11h-12h', '+22890959953', 0, NULL, '2022-01-03 12:26:30', '2022-01-03 12:26:30'),
(21, '2022-01-04 00:00:00', '11h-12h', '+22890959953', 0, NULL, '2022-01-03 14:24:48', '2022-01-03 14:24:48');

-- --------------------------------------------------------

--
-- Structure de la table `regions`
--

DROP TABLE IF EXISTS `regions`;
CREATE TABLE IF NOT EXISTS `regions` (
  `id` bigint(20) UNSIGNED NOT NULL AUTO_INCREMENT,
  `title_region` varchar(191) COLLATE utf8mb4_unicode_ci DEFAULT NULL,
  `description_region` mediumtext COLLATE utf8mb4_unicode_ci,
  `created_at` timestamp NULL DEFAULT NULL,
  `updated_at` timestamp NULL DEFAULT NULL,
  PRIMARY KEY (`id`)
) ENGINE=MyISAM AUTO_INCREMENT=6 DEFAULT CHARSET=utf8mb4 COLLATE=utf8mb4_unicode_ci;

--
-- Déchargement des données de la table `regions`
--

INSERT INTO `regions` (`id`, `title_region`, `description_region`, `created_at`, `updated_at`) VALUES
(1, 'Maritime', NULL, '2021-08-25 19:41:53', '2021-08-25 19:41:53'),
(2, 'Plateaux', NULL, '2021-08-25 19:42:12', '2021-08-25 19:42:12'),
(4, 'Kara', NULL, '2021-08-25 19:42:53', '2021-08-25 19:42:53'),
(5, 'Savanes', NULL, '2021-08-25 19:43:02', '2021-08-25 19:43:02');

-- --------------------------------------------------------

--
-- Structure de la table `reservations`
--

DROP TABLE IF EXISTS `reservations`;
CREATE TABLE IF NOT EXISTS `reservations` (
  `id` bigint(20) UNSIGNED NOT NULL AUTO_INCREMENT,
  `user_id` bigint(20) UNSIGNED DEFAULT NULL,
  `prestataire_id` bigint(20) UNSIGNED DEFAULT NULL,
  `message` longtext COLLATE utf8mb4_unicode_ci,
  `status` tinyint(1) NOT NULL DEFAULT '0',
  `reservation_date` date DEFAULT NULL,
  `confirm_date` date DEFAULT NULL,
  `is_active` tinyint(1) NOT NULL DEFAULT '0',
  `decision` longtext COLLATE utf8mb4_unicode_ci,
  `created_at` timestamp NULL DEFAULT NULL,
  `updated_at` timestamp NULL DEFAULT NULL,
  PRIMARY KEY (`id`),
  KEY `reservations_user_id_foreign` (`user_id`),
  KEY `reservations_prestataire_id_foreign` (`prestataire_id`)
) ENGINE=MyISAM AUTO_INCREMENT=4 DEFAULT CHARSET=utf8mb4 COLLATE=utf8mb4_unicode_ci;

--
-- Déchargement des données de la table `reservations`
--

INSERT INTO `reservations` (`id`, `user_id`, `prestataire_id`, `message`, `status`, `reservation_date`, `confirm_date`, `is_active`, `decision`, `created_at`, `updated_at`) VALUES
(1, 5, 2, NULL, 1, '2021-09-20', NULL, 1, NULL, '2021-09-20 13:57:32', '2021-10-06 02:21:30'),
(2, 2, 21, NULL, 1, '2021-10-20', NULL, 1, NULL, '2021-10-20 09:59:12', '2021-11-22 11:45:00'),
(3, 64, 64, NULL, 0, '2021-11-29', NULL, 1, NULL, '2021-11-29 14:06:00', '2021-11-29 14:06:00');

-- --------------------------------------------------------

--
-- Structure de la table `roles`
--

DROP TABLE IF EXISTS `roles`;
CREATE TABLE IF NOT EXISTS `roles` (
  `id` int(10) UNSIGNED NOT NULL AUTO_INCREMENT,
  `name` varchar(191) COLLATE utf8mb4_unicode_ci NOT NULL,
  `guard_name` varchar(191) COLLATE utf8mb4_unicode_ci NOT NULL,
  `created_at` timestamp NULL DEFAULT NULL,
  `updated_at` timestamp NULL DEFAULT NULL,
  PRIMARY KEY (`id`)
) ENGINE=MyISAM AUTO_INCREMENT=7 DEFAULT CHARSET=utf8mb4 COLLATE=utf8mb4_unicode_ci;

--
-- Déchargement des données de la table `roles`
--

INSERT INTO `roles` (`id`, `name`, `guard_name`, `created_at`, `updated_at`) VALUES
(1, 'Admin', 'admin', '2021-08-25 12:29:35', '2021-09-07 10:40:12'),
(2, 'viewer', 'admin', '2021-09-07 11:14:16', '2021-09-08 16:43:13'),
(3, 'Moderateur', 'admin', '2021-09-07 21:38:05', '2021-09-08 16:56:13'),
(4, 'super', 'admin', '2021-09-08 16:59:13', '2021-09-08 16:59:13'),
(5, 'Testeur', 'admin', '2021-09-14 11:09:29', '2021-09-14 11:09:29'),
(6, 'Un petit rôle', 'admin', '2021-09-14 22:02:49', '2021-09-14 22:02:49');

-- --------------------------------------------------------

--
-- Structure de la table `role_has_permissions`
--

DROP TABLE IF EXISTS `role_has_permissions`;
CREATE TABLE IF NOT EXISTS `role_has_permissions` (
  `permission_id` int(10) UNSIGNED NOT NULL,
  `role_id` int(10) UNSIGNED NOT NULL,
  PRIMARY KEY (`permission_id`,`role_id`),
  KEY `role_has_permissions_role_id_foreign` (`role_id`)
) ENGINE=MyISAM DEFAULT CHARSET=utf8mb4 COLLATE=utf8mb4_unicode_ci;

--
-- Déchargement des données de la table `role_has_permissions`
--

INSERT INTO `role_has_permissions` (`permission_id`, `role_id`) VALUES
(1, 1),
(1, 2),
(1, 3),
(1, 5),
(2, 1),
(2, 5),
(3, 1),
(3, 3),
(3, 5),
(4, 1),
(4, 2),
(4, 3),
(4, 5),
(5, 1),
(5, 5),
(6, 1),
(6, 2),
(6, 3),
(6, 5),
(7, 1),
(7, 5),
(8, 1),
(8, 3),
(8, 5),
(9, 1),
(9, 2),
(9, 3),
(9, 5),
(10, 1),
(10, 5),
(11, 1),
(11, 2),
(11, 3),
(11, 5),
(12, 1),
(12, 5),
(13, 1),
(13, 3),
(13, 5),
(14, 1),
(14, 2),
(14, 3),
(14, 5),
(15, 1),
(15, 5),
(16, 1),
(16, 2),
(16, 3),
(16, 5),
(17, 1),
(17, 5),
(18, 1),
(18, 3),
(18, 5),
(19, 1),
(19, 2),
(19, 3),
(19, 5),
(20, 1),
(20, 2),
(20, 3),
(20, 5),
(21, 1),
(21, 2),
(21, 3),
(21, 5),
(22, 1),
(22, 5),
(23, 1),
(23, 2),
(23, 3),
(23, 5),
(24, 1),
(24, 3),
(24, 5),
(25, 1),
(25, 3),
(25, 5),
(26, 1),
(26, 2),
(26, 3),
(26, 5),
(27, 1),
(27, 5),
(28, 1),
(28, 2),
(28, 3),
(28, 5),
(29, 1),
(29, 3),
(29, 5),
(30, 1),
(30, 3),
(30, 5),
(31, 1),
(31, 3),
(31, 5),
(32, 1),
(32, 5),
(33, 1),
(33, 2),
(33, 3),
(33, 5),
(34, 1),
(34, 5),
(35, 1),
(35, 3),
(35, 5),
(36, 1),
(36, 2),
(36, 3),
(36, 5),
(37, 1),
(37, 5),
(38, 1),
(38, 2),
(38, 3),
(38, 5),
(39, 1),
(39, 2),
(39, 3),
(39, 5),
(40, 1),
(40, 5),
(41, 1),
(41, 2),
(41, 3),
(41, 5),
(42, 1),
(42, 5),
(43, 1),
(43, 3),
(43, 5),
(44, 1),
(44, 2),
(44, 3),
(44, 5),
(45, 1),
(45, 5),
(46, 1),
(46, 2),
(46, 3),
(46, 5),
(47, 1),
(47, 5),
(48, 1),
(48, 3),
(48, 5),
(49, 1),
(49, 2),
(49, 3),
(49, 5),
(50, 1),
(50, 5),
(51, 1),
(51, 2),
(51, 3),
(51, 5),
(52, 1),
(52, 5),
(53, 1),
(53, 3),
(53, 5),
(54, 1),
(54, 2),
(54, 3),
(54, 5),
(55, 1),
(55, 5),
(56, 1),
(56, 2),
(56, 3),
(56, 5),
(57, 1),
(57, 5),
(58, 1),
(58, 3),
(58, 5),
(59, 1),
(59, 2),
(59, 3),
(59, 5),
(60, 1),
(60, 5),
(61, 1),
(61, 2),
(61, 3),
(61, 5),
(62, 1),
(62, 5),
(63, 1),
(63, 3),
(63, 5),
(64, 1),
(64, 5),
(65, 1),
(65, 2),
(65, 3),
(65, 5),
(66, 1),
(66, 2),
(66, 3),
(66, 5),
(67, 1),
(67, 5),
(68, 1),
(68, 3),
(68, 5),
(69, 1),
(69, 2),
(69, 3),
(69, 5),
(70, 1),
(70, 5),
(71, 1),
(71, 2),
(71, 3),
(71, 5),
(72, 1),
(72, 5),
(73, 1),
(73, 3),
(73, 5),
(74, 1),
(74, 2),
(74, 3),
(74, 5),
(75, 1),
(75, 5),
(76, 1),
(76, 2),
(76, 3),
(76, 5),
(77, 1),
(77, 5),
(78, 1),
(78, 3),
(78, 5),
(79, 1),
(79, 2),
(79, 3),
(79, 5),
(80, 1),
(80, 5),
(81, 1),
(81, 2),
(81, 3),
(81, 5),
(82, 1),
(82, 5),
(83, 1),
(83, 3),
(83, 5),
(84, 1),
(84, 2),
(84, 3),
(84, 5),
(85, 1),
(85, 5),
(86, 1),
(86, 2),
(86, 3),
(86, 5),
(87, 1),
(87, 5),
(88, 1),
(88, 3),
(88, 5),
(89, 1),
(89, 2),
(89, 3),
(89, 5),
(90, 1),
(90, 5),
(91, 1),
(91, 2),
(91, 3),
(91, 5),
(92, 1),
(92, 5),
(93, 1),
(93, 3),
(93, 5),
(94, 1),
(94, 2),
(94, 3),
(94, 5),
(95, 1),
(95, 5),
(96, 1),
(96, 2),
(96, 3),
(96, 5),
(97, 1),
(97, 5),
(98, 1),
(98, 3),
(98, 5),
(99, 1),
(99, 2),
(99, 3),
(99, 5),
(100, 1),
(100, 5),
(101, 1),
(101, 5),
(102, 1),
(102, 5),
(103, 1),
(103, 2),
(103, 3),
(103, 5),
(104, 1),
(104, 5),
(105, 1),
(105, 3),
(105, 5),
(106, 1),
(106, 5),
(107, 1),
(107, 3),
(107, 5),
(108, 1),
(108, 5),
(109, 1),
(109, 5),
(110, 1),
(110, 3),
(110, 5),
(111, 1),
(111, 2),
(111, 3),
(111, 5),
(112, 1),
(112, 3),
(112, 5),
(113, 1),
(113, 3),
(113, 5),
(114, 1),
(114, 3),
(114, 5),
(115, 1),
(115, 2),
(115, 3),
(115, 5),
(116, 1),
(116, 2),
(116, 3),
(116, 5),
(117, 1),
(117, 5),
(118, 1),
(118, 3),
(118, 5),
(119, 1),
(119, 5),
(120, 1),
(120, 3),
(120, 5),
(121, 1),
(121, 2),
(121, 3),
(121, 5),
(122, 1),
(122, 5),
(123, 1),
(123, 3),
(123, 5),
(124, 1),
(124, 3),
(124, 5),
(125, 1),
(125, 3),
(125, 5),
(126, 1),
(126, 5),
(127, 1),
(127, 3),
(127, 5),
(128, 1),
(128, 3),
(128, 5),
(129, 1),
(129, 5),
(130, 1),
(130, 3),
(130, 5),
(131, 1),
(131, 5),
(132, 1),
(132, 5),
(133, 1),
(133, 3),
(133, 5),
(134, 1),
(134, 4),
(134, 5),
(135, 1),
(135, 4),
(135, 5),
(136, 1),
(136, 3),
(136, 4),
(137, 1),
(137, 4),
(138, 1),
(138, 2),
(138, 3),
(138, 4),
(138, 5),
(139, 1),
(139, 2),
(139, 3),
(139, 4),
(139, 5),
(140, 1),
(140, 2),
(140, 3),
(140, 4),
(140, 5),
(141, 6),
(142, 1),
(142, 5);

-- --------------------------------------------------------

--
-- Structure de la table `secteur_activites`
--

DROP TABLE IF EXISTS `secteur_activites`;
CREATE TABLE IF NOT EXISTS `secteur_activites` (
  `id` bigint(20) UNSIGNED NOT NULL AUTO_INCREMENT,
  `title_secteur` varchar(191) COLLATE utf8mb4_unicode_ci DEFAULT NULL,
  `description_secteur` mediumtext COLLATE utf8mb4_unicode_ci,
  `created_at` timestamp NULL DEFAULT NULL,
  `updated_at` timestamp NULL DEFAULT NULL,
  PRIMARY KEY (`id`)
) ENGINE=MyISAM AUTO_INCREMENT=9 DEFAULT CHARSET=utf8mb4 COLLATE=utf8mb4_unicode_ci;

--
-- Déchargement des données de la table `secteur_activites`
--

INSERT INTO `secteur_activites` (`id`, `title_secteur`, `description_secteur`, `created_at`, `updated_at`) VALUES
(1, 'Garde d\'enfants', 'Garde d\'enfants', '2021-08-25 19:43:19', '2021-08-25 20:01:58'),
(2, 'Aide aux personnes âgées', 'Aide aux personnes âgées', '2021-08-25 19:43:48', '2021-08-25 19:43:48'),
(3, 'Accompagnement du handicap', 'Accompagnement du handicap', '2021-08-25 19:44:11', '2021-08-25 19:44:11'),
(4, 'Soutien scolaire', 'Soutien scolaire', '2021-08-25 19:44:31', '2021-08-25 19:44:31'),
(5, 'Ménage et repassage', 'Ménage et repassage', '2021-08-25 19:44:45', '2021-08-25 19:44:45'),
(6, 'Jardinage', 'Jardinage', '2021-08-25 19:45:02', '2021-08-25 19:45:02'),
(7, 'Bricolage', 'Bricolage', '2021-08-25 19:45:33', '2021-08-25 19:45:33'),
(8, 'Autre', 'Description de l\'autre secteur d\'activité', '2021-08-25 19:59:53', '2021-09-14 21:11:27');

-- --------------------------------------------------------

--
-- Structure de la table `signale_absences`
--

DROP TABLE IF EXISTS `signale_absences`;
CREATE TABLE IF NOT EXISTS `signale_absences` (
  `id` bigint(20) UNSIGNED NOT NULL AUTO_INCREMENT,
  `type_absence_id` int(10) UNSIGNED NOT NULL,
  `date_demande` date DEFAULT NULL,
  `hour_start_time` varchar(191) COLLATE utf8mb4_unicode_ci DEFAULT NULL,
  `date_effet` date DEFAULT NULL,
  `date_reprise` date DEFAULT NULL,
  `motif_demande` varchar(191) COLLATE utf8mb4_unicode_ci DEFAULT NULL,
  `is_valide` tinyint(1) DEFAULT '0',
  `user_id` bigint(20) UNSIGNED NOT NULL,
  `contrat_id` bigint(20) UNSIGNED NOT NULL,
  `created_at` timestamp NULL DEFAULT NULL,
  `updated_at` timestamp NULL DEFAULT NULL,
  PRIMARY KEY (`id`),
  KEY `signale_absences_user_id_foreign` (`user_id`),
  KEY `signale_absences_contrat_id_foreign` (`contrat_id`),
  KEY `signale_absences_type_absence_id_foreign` (`type_absence_id`)
) ENGINE=MyISAM AUTO_INCREMENT=14 DEFAULT CHARSET=utf8mb4 COLLATE=utf8mb4_unicode_ci;

--
-- Déchargement des données de la table `signale_absences`
--

INSERT INTO `signale_absences` (`id`, `type_absence_id`, `date_demande`, `hour_start_time`, `date_effet`, `date_reprise`, `motif_demande`, `is_valide`, `user_id`, `contrat_id`, `created_at`, `updated_at`) VALUES
(1, 4, '2021-10-06', '24', NULL, '2021-10-30', NULL, 0, 5, 5, '2021-10-06 02:38:47', '2021-10-06 02:38:47'),
(3, 2, '2021-10-08', '3', NULL, '2021-10-11', 'Petit soucis de santé 😷🤧🤧🤧🤧🤧', 0, 5, 5, '2021-10-07 08:06:15', '2021-10-07 08:06:15'),
(4, 2, '2021-10-07', '6', NULL, '2021-10-13', 'Je ne vais pas bien 😑😥😥', 0, 5, 5, '2021-10-07 08:20:45', '2021-10-07 08:20:45'),
(6, 2, '2021-10-14', '9', NULL, '2021-10-23', 'okkk', 0, 3, 3, '2021-10-14 19:50:11', '2021-10-14 19:50:11'),
(7, 4, '2021-10-15', '2', NULL, '2021-10-17', 'ok', 0, 3, 6, '2021-10-15 15:02:29', '2021-10-15 16:25:16'),
(9, 4, '2021-10-18', '4', NULL, '2021-10-22', 'test', 0, 3, 6, '2021-10-18 10:08:15', '2021-10-18 10:08:15'),
(8, 4, '2021-10-29', '1', NULL, '2021-10-30', 'ok11222', 0, 3, 9, '2021-10-15 16:23:10', '2021-10-15 16:23:10'),
(10, 3, '2021-10-20', '2', NULL, '2021-10-22', 'vn', 0, 3, 1, '2021-10-20 17:23:13', '2021-10-20 17:23:13'),
(12, 4, '2021-10-23', '7', NULL, '2021-10-30', NULL, 0, 3, 1, '2021-10-23 17:49:53', '2021-10-23 17:49:53'),
(13, 2, '2021-10-23', '1', NULL, '2021-10-24', '3th', 0, 4, 1, '2021-10-23 19:22:31', '2021-10-23 19:22:31');

-- --------------------------------------------------------

--
-- Structure de la table `type_absences`
--

DROP TABLE IF EXISTS `type_absences`;
CREATE TABLE IF NOT EXISTS `type_absences` (
  `id` bigint(20) UNSIGNED NOT NULL AUTO_INCREMENT,
  `type_absence_name` varchar(191) COLLATE utf8mb4_unicode_ci DEFAULT NULL,
  `created_at` timestamp NULL DEFAULT NULL,
  `updated_at` timestamp NULL DEFAULT NULL,
  PRIMARY KEY (`id`)
) ENGINE=MyISAM AUTO_INCREMENT=7 DEFAULT CHARSET=utf8mb4 COLLATE=utf8mb4_unicode_ci;

--
-- Déchargement des données de la table `type_absences`
--

INSERT INTO `type_absences` (`id`, `type_absence_name`, `created_at`, `updated_at`) VALUES
(1, 'Malaise', '2021-08-25 20:08:59', '2021-08-25 20:08:59'),
(2, 'Maladie', '2021-08-25 20:09:13', '2021-08-25 20:09:13'),
(3, 'Deces', '2021-08-25 20:09:25', '2021-08-25 20:09:25'),
(4, 'Raison juridique', '2021-08-25 20:09:36', '2021-08-25 20:09:36'),
(6, 'Juste une absence pas plus', '2021-09-14 21:30:01', '2021-09-14 21:32:06');

-- --------------------------------------------------------

--
-- Structure de la table `type_conges`
--

DROP TABLE IF EXISTS `type_conges`;
CREATE TABLE IF NOT EXISTS `type_conges` (
  `id` bigint(20) UNSIGNED NOT NULL AUTO_INCREMENT,
  `type_conge_name` varchar(191) COLLATE utf8mb4_unicode_ci DEFAULT NULL,
  `created_at` timestamp NULL DEFAULT NULL,
  `updated_at` timestamp NULL DEFAULT NULL,
  PRIMARY KEY (`id`)
) ENGINE=MyISAM AUTO_INCREMENT=5 DEFAULT CHARSET=utf8mb4 COLLATE=utf8mb4_unicode_ci;

--
-- Déchargement des données de la table `type_conges`
--

INSERT INTO `type_conges` (`id`, `type_conge_name`, `created_at`, `updated_at`) VALUES
(1, 'Congé paternité', '2021-08-25 20:09:54', '2021-08-25 20:09:54'),
(2, 'Congé de maternité', '2021-08-25 20:10:07', '2021-08-25 20:10:07'),
(3, 'Congé spécial', '2021-08-25 20:10:18', '2021-08-25 20:10:18');

-- --------------------------------------------------------

--
-- Structure de la table `type_contrats`
--

DROP TABLE IF EXISTS `type_contrats`;
CREATE TABLE IF NOT EXISTS `type_contrats` (
  `id` bigint(20) UNSIGNED NOT NULL AUTO_INCREMENT,
  `title_type_con` varchar(191) COLLATE utf8mb4_unicode_ci DEFAULT NULL,
  `number_type_con` varchar(191) COLLATE utf8mb4_unicode_ci DEFAULT NULL,
  `description_type_con` mediumtext COLLATE utf8mb4_unicode_ci,
  `created_at` timestamp NULL DEFAULT NULL,
  `updated_at` timestamp NULL DEFAULT NULL,
  PRIMARY KEY (`id`)
) ENGINE=MyISAM AUTO_INCREMENT=10 DEFAULT CHARSET=utf8mb4 COLLATE=utf8mb4_unicode_ci;

--
-- Déchargement des données de la table `type_contrats`
--

INSERT INTO `type_contrats` (`id`, `title_type_con`, `number_type_con`, `description_type_con`, `created_at`, `updated_at`) VALUES
(1, 'CDD-1mois', '30', 'Contrat à Durée Déterminé', '2021-08-25 16:30:55', '2021-09-19 22:11:35'),
(2, 'CDD-2mois', '60', 'Contrat à Durée Indéterminé', '2021-08-25 20:12:01', '2021-09-19 22:11:43'),
(3, 'CDD-3mois', '90', NULL, '2021-09-07 23:09:39', '2021-09-19 22:11:52'),
(4, 'CDD-6mois', '180', NULL, '2021-09-07 23:10:11', '2021-09-19 22:12:02'),
(5, 'CDD-12mois', '360', NULL, '2021-09-07 23:10:48', '2021-09-19 22:12:13'),
(6, 'CDD-24mois', '720', NULL, '2021-09-07 23:11:23', '2021-09-19 22:12:24'),
(7, 'CDI', NULL, NULL, '2021-09-07 23:11:52', '2021-09-19 22:12:55'),
(9, 'CDD', '211', 'Ut commodi nulla ill', '2021-10-06 02:50:30', '2021-10-06 02:50:30');

-- --------------------------------------------------------

--
-- Structure de la table `type_formations`
--

DROP TABLE IF EXISTS `type_formations`;
CREATE TABLE IF NOT EXISTS `type_formations` (
  `id` bigint(20) UNSIGNED NOT NULL AUTO_INCREMENT,
  `title_type_for` varchar(191) COLLATE utf8mb4_unicode_ci DEFAULT NULL,
  `description_type_for` mediumtext COLLATE utf8mb4_unicode_ci,
  `created_at` timestamp NULL DEFAULT NULL,
  `updated_at` timestamp NULL DEFAULT NULL,
  PRIMARY KEY (`id`)
) ENGINE=MyISAM AUTO_INCREMENT=7 DEFAULT CHARSET=utf8mb4 COLLATE=utf8mb4_unicode_ci;

--
-- Déchargement des données de la table `type_formations`
--

INSERT INTO `type_formations` (`id`, `title_type_for`, `description_type_for`, `created_at`, `updated_at`) VALUES
(1, 'Formation certifiante', 'Une formation donnant droit à un certificat de fin de formation', '2021-08-25 20:07:30', '2021-08-25 20:07:30'),
(2, 'Formation habilitante', NULL, '2021-08-25 20:07:53', '2021-08-25 20:07:53'),
(3, 'Formation qualifiante', NULL, '2021-08-25 20:08:00', '2021-08-25 20:08:00'),
(4, 'Formation diplômante', 'Formation donnant droit à un diplôme', '2021-08-25 20:08:21', '2021-08-25 20:08:21'),
(5, 'Une formation', NULL, '2021-09-14 20:34:25', '2021-09-14 20:46:01');

-- --------------------------------------------------------

--
-- Structure de la table `users`
--

DROP TABLE IF EXISTS `users`;
CREATE TABLE IF NOT EXISTS `users` (
  `id` bigint(20) UNSIGNED NOT NULL AUTO_INCREMENT,
  `last_name` varchar(191) COLLATE utf8mb4_unicode_ci DEFAULT NULL,
  `first_name` varchar(191) COLLATE utf8mb4_unicode_ci DEFAULT NULL,
  `email` varchar(191) COLLATE utf8mb4_unicode_ci DEFAULT NULL,
  `phone_number` varchar(191) COLLATE utf8mb4_unicode_ci NOT NULL,
  `address` mediumtext COLLATE utf8mb4_unicode_ci,
  `profile_picture` varchar(191) COLLATE utf8mb4_unicode_ci DEFAULT NULL,
  `email_verified_at` timestamp NULL DEFAULT NULL,
  `password` varchar(191) COLLATE utf8mb4_unicode_ci NOT NULL,
  `is_activated` tinyint(1) NOT NULL DEFAULT '0',
  `type_users` varchar(191) COLLATE utf8mb4_unicode_ci DEFAULT NULL,
  `personne_type` varchar(191) COLLATE utf8mb4_unicode_ci DEFAULT NULL,
  `gender` varchar(191) COLLATE utf8mb4_unicode_ci DEFAULT NULL,
  `birth_date` date DEFAULT NULL,
  `place_birth` varchar(191) COLLATE utf8mb4_unicode_ci DEFAULT NULL,
  `profession` varchar(191) COLLATE utf8mb4_unicode_ci DEFAULT NULL,
  `biography` mediumtext COLLATE utf8mb4_unicode_ci,
  `num_impot` varchar(191) COLLATE utf8mb4_unicode_ci DEFAULT NULL,
  `nif` varchar(191) COLLATE utf8mb4_unicode_ci DEFAULT NULL,
  `date_creation` date DEFAULT NULL,
  `contact_name` varchar(191) COLLATE utf8mb4_unicode_ci DEFAULT NULL,
  `ville_id` bigint(20) UNSIGNED DEFAULT NULL,
  `secteur_activite_id` bigint(20) UNSIGNED DEFAULT NULL,
  `total_experience` int(11) DEFAULT NULL,
  `expected_salary` varchar(191) COLLATE utf8mb4_unicode_ci DEFAULT NULL,
  `cni_num` varchar(191) COLLATE utf8mb4_unicode_ci DEFAULT NULL,
  `cni_file` varchar(191) COLLATE utf8mb4_unicode_ci DEFAULT NULL,
  `passport_num` varchar(191) COLLATE utf8mb4_unicode_ci DEFAULT NULL,
  `passport_file` varchar(191) COLLATE utf8mb4_unicode_ci DEFAULT NULL,
  `voter_card_num` varchar(191) COLLATE utf8mb4_unicode_ci DEFAULT NULL,
  `voter_card_file` varchar(191) COLLATE utf8mb4_unicode_ci DEFAULT NULL,
  `email_token` varchar(191) COLLATE utf8mb4_unicode_ci DEFAULT NULL,
  `verification_code` varchar(191) COLLATE utf8mb4_unicode_ci DEFAULT NULL,
  `deleted_at` timestamp NULL DEFAULT NULL,
  `remember_token` varchar(100) COLLATE utf8mb4_unicode_ci DEFAULT NULL,
  `created_at` timestamp NULL DEFAULT NULL,
  `updated_at` timestamp NULL DEFAULT NULL,
  `autre` varchar(191) COLLATE utf8mb4_unicode_ci DEFAULT NULL,
  PRIMARY KEY (`id`),
  UNIQUE KEY `users_phone_number_unique` (`phone_number`),
  UNIQUE KEY `users_email_unique` (`email`),
  KEY `users_secteur_activite_id_foreign` (`secteur_activite_id`),
  KEY `users_ville_id_foreign` (`ville_id`)
) ENGINE=MyISAM AUTO_INCREMENT=82 DEFAULT CHARSET=utf8mb4 COLLATE=utf8mb4_unicode_ci;

--
-- Déchargement des données de la table `users`
--

INSERT INTO `users` (`id`, `last_name`, `first_name`, `email`, `phone_number`, `address`, `profile_picture`, `email_verified_at`, `password`, `is_activated`, `type_users`, `personne_type`, `gender`, `birth_date`, `place_birth`, `profession`, `biography`, `num_impot`, `nif`, `date_creation`, `contact_name`, `ville_id`, `secteur_activite_id`, `total_experience`, `expected_salary`, `cni_num`, `cni_file`, `passport_num`, `passport_file`, `voter_card_num`, `voter_card_file`, `email_token`, `verification_code`, `deleted_at`, `remember_token`, `created_at`, `updated_at`, `autre`) VALUES
(2, 'SPARK', 'Corporation', 'sparkcorporation2020@gmail.com', '+22896747676', NULL, '6187be26c32c6_1636285990.jpg', NULL, '$2y$10$UN53/hsTWk9G/kkBkK3piOoisJ37TiuC8MGw8n87IeVOhlmUUw/UC', 1, 'prestataire', 'particulier', NULL, NULL, NULL, NULL, NULL, NULL, NULL, NULL, NULL, 3, 1, NULL, NULL, NULL, NULL, NULL, NULL, NULL, NULL, '9d7c040817cd3b7c74004b8e3d3b9ad3d05bf54c', NULL, NULL, NULL, '2021-09-19 21:33:52', '2021-11-07 10:53:10', NULL),
(3, 'AWOKOU', 'Komivi', 'kawokou12@gmail.com', '+22899330543', NULL, '6166774a8a656_1634105162.JPG', NULL, '$2y$10$mfIze4ID.ndC4r4WzqJ17ePOwXuMifMsAxRBuvUWqvWNdR.e0huxa', 1, 'client', 'particulier', 'M', NULL, NULL, NULL, NULL, NULL, NULL, NULL, NULL, 5, 1, NULL, NULL, NULL, NULL, NULL, NULL, NULL, NULL, '869842c408de01c4871104097cbc810afd79f5ee', NULL, NULL, NULL, '2021-09-20 12:06:31', '2021-12-28 09:03:29', NULL),
(4, 'EDORH', 'Christian', 'christianedorh2@gmail.com', '+22896747677', NULL, '61572eb2b7377_1633103538.JPG', NULL, '$2y$10$htQxDQpf294QWSTLEyogquJN69V38wox/6rTvH2NnswDw/1CP5IXm', 1, 'client', 'particulier', 'M', '1998-01-01', NULL, NULL, NULL, NULL, NULL, NULL, NULL, 1, 2, NULL, NULL, NULL, NULL, NULL, NULL, NULL, NULL, 'f7f61588127b4f0fc8b43c9b8a2b3b7defa913de', NULL, NULL, NULL, '2021-09-20 12:46:06', '2021-10-01 13:53:02', NULL),
(5, 'SOSSOU-GAH', 'Ezechiel', 'ezecsossougah@gmail.com', '+22870546030', NULL, NULL, NULL, '$2y$10$KL3zWTnWj6.Rg0uuiGqRaeuX.e4XqQPalUWmJZtvw0G5yhm0iSGjy', 1, 'client', 'particulier', 'M', '2001-10-22', NULL, NULL, NULL, NULL, NULL, NULL, NULL, 1, 3, NULL, NULL, NULL, NULL, NULL, NULL, NULL, NULL, 'd278820d166faddf45cf0c05da6ccc4f762fc3dc', NULL, NULL, NULL, '2021-09-20 13:55:08', '2021-12-28 16:29:36', NULL),
(6, 'EHTH²G', 'Ezechiel', 'user@gmail.com', '+22851857', NULL, NULL, NULL, '$2y$10$l7Si2ueQgNAtmEonmCZN4eIMvWsAg6RNiQnvWam28xwGO0udubEXO', 0, 'client', 'particulier', 'M', '2021-09-03', NULL, NULL, NULL, NULL, NULL, NULL, NULL, 15, 1, NULL, NULL, NULL, NULL, NULL, NULL, NULL, NULL, 'b870cad9554b17f61398ef8ee830e4f6c1bbc6fb', NULL, NULL, NULL, '2021-09-20 14:57:22', '2021-09-20 14:57:22', NULL),
(13, 'GRAY######', 'Palmer', 'qunylakuhe@mailinator.com', '+1 (733)', NULL, NULL, NULL, '$2y$10$y/QGzQxNeHGtk9jOCD6fHOJXxAxWqdLyoNREc5zm5VYn6UZvNxv0q', 0, 'client', 'particulier', 'F', '2004-05-28', NULL, NULL, NULL, NULL, NULL, NULL, NULL, 23, 1, NULL, NULL, NULL, NULL, NULL, NULL, NULL, NULL, '2a5f18b0bc1608a59f72011373d5a797fbac5d0c', NULL, NULL, NULL, '2021-09-23 19:15:11', '2021-09-23 19:15:11', NULL),
(7, 'ADMIN', 'Admin', 'adchu@gmail.com', '+22893343690', NULL, NULL, NULL, '$2y$10$jTCgBmdq6sutmWI9/eN2Ie6es/nskmUEs5XIq5fwn8sFjndW9n6Pm', 0, 'client', 'particulier', 'L', '2021-09-20', NULL, NULL, NULL, NULL, NULL, NULL, NULL, 1, 1, NULL, NULL, NULL, NULL, NULL, NULL, NULL, NULL, 'c1b65146e032c70420e5ab5836671acdbd11f180', NULL, NULL, NULL, '2021-09-20 20:50:11', '2021-09-20 20:50:11', NULL),
(8, 'COOLK', 'Mathieu', 'kawokou@gmail.com', '+22892330543', NULL, NULL, NULL, '$2y$10$o14fhLCpjOrZjPLTXCu6qeclN7wur31vnwIqlMM4JCrBoPYG7aMya', 1, 'prestataire', 'particulier', 'M', NULL, NULL, NULL, NULL, '309', NULL, NULL, NULL, 7, 1, NULL, NULL, NULL, NULL, NULL, NULL, NULL, NULL, NULL, NULL, NULL, NULL, '2021-09-21 03:06:22', '2021-09-21 03:06:22', NULL),
(9, 'Humphrey', 'Francesca', 'fejapati@mailinator.com', '+2283023', NULL, NULL, NULL, '$2y$10$7kCHQFFLToH5edI3125pVuXNECnvKEedFG9q7fzaPCiL0qWQw4lO.', 0, 'client', 'particulier', 'L', '2005-02-28', NULL, NULL, NULL, NULL, NULL, NULL, NULL, 16, 1, NULL, NULL, NULL, NULL, NULL, NULL, NULL, NULL, '47da692482ca68bbbfaeca90de533e9e59bb14e0', NULL, NULL, NULL, '2021-09-21 15:55:33', '2021-09-21 15:55:33', NULL),
(10, 'Nolan', NULL, 'fobymyry@mailinator.com', '+1 (402)', NULL, NULL, NULL, '$2y$10$eUmJigCCyxNAoJtkyzdt4OxKbZk57U2WRoLbLEk6L0hBcDj8T4zBG', 1, 'client', 'entreprise', NULL, NULL, NULL, NULL, NULL, NULL, '34', '1981-07-30', 'Hashim Macias', 15, 1, NULL, NULL, NULL, NULL, NULL, NULL, NULL, NULL, NULL, NULL, NULL, NULL, '2021-09-22 13:40:18', '2021-09-22 13:40:18', NULL),
(12, 'Hunter', 'Maryam', 'roko@mailinator.com', '+1 (902)', NULL, NULL, NULL, '$2y$10$Vjav9V.ZZlrkDC9RoAIlu.gCOD5Qo7jRKyfpdaC/NHMtm1mxP6N5.', 1, 'prestataire', 'particulier', 'L', NULL, NULL, NULL, NULL, '75', '83', '2008-12-15', 'Charissa Hurst', 16, 2, NULL, NULL, NULL, NULL, NULL, NULL, NULL, NULL, NULL, NULL, NULL, NULL, '2021-09-22 22:12:41', '2021-09-22 22:12:41', NULL),
(28, 'Larsen', 'Beck', 'suvuhoqaxy@mailinator.com', '+1 (458)', NULL, NULL, NULL, '$2y$10$WexeYvmKEe3W0/Afek7UR.uMXNQ2T38uL.2sRZORtZYPSmCb8KPXu', 0, 'client', 'particulier', 'F', '2021-10-10', NULL, NULL, NULL, NULL, NULL, NULL, NULL, 9, 1, NULL, NULL, NULL, NULL, NULL, NULL, NULL, NULL, '13a4bccd582ae1e0d8d53c2e4a87e95fb91b3f5e', NULL, NULL, NULL, '2021-10-05 15:16:02', '2021-10-05 15:16:02', NULL),
(81, 'AKO', 'ako', 'aoklm01@gmail.com', '90042449', NULL, NULL, NULL, '$2y$10$YSujSbkqjeRfeuP1j6OTCeWX7VzGOYdXJP2pQf5bfEimCRjUC7/HW', 1, 'client', 'Particulier', NULL, '2002-01-17', NULL, NULL, NULL, NULL, NULL, NULL, NULL, 1, 2, NULL, NULL, NULL, NULL, NULL, NULL, NULL, NULL, 'd688d1ecaf43a55f2849f320a4eb3e88d8918ce2', NULL, NULL, NULL, '2022-01-09 15:06:21', '2022-01-09 15:07:59', NULL),
(27, 'PREST', 'Ok', 'prestataire1@centralresource.net', '+22801020304', NULL, NULL, NULL, '$2y$10$0LFZUs9KQIcC/p1NLJIcv.4Ckv.OYQpc6xMHoyucakHfPFzMMXJTa', 1, 'prestataire', 'particulier', 'L', NULL, NULL, NULL, NULL, NULL, NULL, NULL, NULL, 4, 2, NULL, NULL, NULL, NULL, NULL, NULL, NULL, NULL, '7554ead4412b9c7e3addf99475f0f3b24bbe5867', NULL, NULL, NULL, '2021-10-05 08:36:46', '2021-10-05 08:37:19', NULL),
(21, 'PARBEY', 'Juanito', 'jdparbey@gmail.com', '+2289002059', 'Hanoukope', NULL, NULL, '$2y$10$XtomCQAfcQahVqHSsO3vEu1SwA22HbmvvA/1xzQdumHNuMEn0h4ei', 1, 'prestataire', 'particulier', 'M', '2001-08-12', NULL, NULL, NULL, '345667', NULL, NULL, NULL, 1, 4, 6, '6000', NULL, NULL, NULL, NULL, NULL, NULL, 'e61169046fe0c4fd0f31448be929a5dfe41daefc', NULL, NULL, NULL, '2021-10-02 14:56:51', '2021-10-10 14:45:57', NULL),
(29, 'HUMPHREY', 'Francesca', 'humfranc@gmail.com', '+22881148378', NULL, NULL, NULL, '$2y$10$mPcuDfFqcWJfJZvoy.VEZOOmXymHbxW97/pnygUpVUHkjzCpe9EcK', 0, 'client', 'particulier', 'L', '2021-10-22', NULL, NULL, NULL, NULL, NULL, NULL, NULL, 9, 1, NULL, NULL, NULL, NULL, NULL, NULL, NULL, NULL, 'cff638696380bdbf4cb808029353d7fa9d074f34', NULL, NULL, NULL, '2021-10-05 15:21:05', '2021-10-05 15:21:05', NULL),
(23, 'PARBEY', 'Dovi', 'jparbey@hotmail.com', '+22844444444', 'Hanoukope', NULL, NULL, '$2y$10$72jVFfkmsWJonec7Uf4e9.gDHMU2EojborbhtpBTJll8ZdRwguusa', 1, 'client', 'particulier', 'M', '1980-02-10', NULL, NULL, NULL, NULL, NULL, NULL, NULL, 1, 2, NULL, NULL, NULL, NULL, NULL, NULL, NULL, NULL, 'b6006e12484131960946acead4cf83e7017242ef', NULL, NULL, NULL, '2021-10-02 15:24:28', '2021-10-10 14:32:13', NULL),
(24, 'akitani', 'Roger', 'krakitan@gmail.com', '90011000', NULL, NULL, NULL, '$2y$10$pkgiKCWyYLnBeNGzKyeG0.U/JCbzJk23rENSK1wtjw5xWS8pRLjWm', 1, 'client', 'particulier', 'M', NULL, NULL, NULL, NULL, NULL, NULL, NULL, NULL, 1, 2, NULL, NULL, NULL, NULL, NULL, NULL, NULL, NULL, 'd569c438011fe4ce4c4c5f4ad8dd3937a29ca1bc', NULL, NULL, '661YjuQRQplQVGfnKf1AT5i09xvKqOdkzd0FuIYz4YmuLinauTu7YV3CrDgG', '2021-10-03 09:10:42', '2021-10-03 09:11:13', NULL),
(25, 'BKH', 'Light', 'glorypedro989@yahoo.com', '+22823242324', NULL, NULL, NULL, '$2y$10$6qjZ.iZ8NP17l2dIyxS/1Oupukbapcmfadu6h7hLrusbXgL5V78JC', 0, 'prestataire', 'particulier', 'M', NULL, NULL, NULL, NULL, NULL, NULL, NULL, NULL, 3, 2, NULL, NULL, NULL, NULL, NULL, NULL, NULL, NULL, '2c321b6b7d5ed249f7b911a5aa191fe53aebaadf', NULL, NULL, NULL, '2021-10-04 19:25:48', '2021-10-04 19:25:48', NULL),
(26, 'BRATH', 'Oui', 'tanguydepotww@gmail.com', '+22896563299', NULL, '615bfc6bbe1cd_1633418347.PNG', NULL, '$2y$10$UYwJQNo1fdQEUdqf.G.fXeceLOo22gmO9PGkS8flZmDU61g1FHiOm', 1, 'client', 'particulier', 'M', NULL, NULL, NULL, NULL, NULL, NULL, NULL, NULL, 9, 2, NULL, NULL, NULL, NULL, NULL, NULL, NULL, NULL, 'c773bc3924f2336979d03a600b2c8027effb6803', NULL, NULL, NULL, '2021-10-05 05:11:47', '2021-10-05 05:19:07', NULL),
(30, 'HUMPHREY', 'Francesca', 'humfranc2@gmail.com', '+2285827769', NULL, NULL, NULL, '$2y$10$gbs6ZVv74VfeMPVLJFXDXuor08DmKlAqMtDcrFZS6G0sa.Jak2rR6', 0, 'client', 'particulier', 'L', '2021-09-27', NULL, NULL, NULL, NULL, NULL, NULL, NULL, 9, 1, NULL, NULL, NULL, NULL, NULL, NULL, NULL, NULL, 'a245fd6cbc9f1afbdc39120693343f17a5527fbf', NULL, NULL, NULL, '2021-10-05 15:22:34', '2021-10-05 15:22:34', NULL),
(31, 'LORD', 'Van Der Brook', 'lvaderb@gmail.com', '+22878951236', NULL, NULL, NULL, '$2y$10$jQhjKXpIuR2XCdHH.B42s.DMsWfCunl8phjXe0Ym.BpvywhXERI/2', 0, 'client', 'particulier', 'M', '2021-10-05', NULL, NULL, NULL, NULL, NULL, NULL, NULL, 12, 1, NULL, NULL, NULL, NULL, NULL, NULL, NULL, NULL, '18eb8d7d30c98d7a8387b06e9ab0f78c777ef908', NULL, NULL, NULL, '2021-10-05 15:31:10', '2021-10-05 15:31:10', NULL),
(32, 'LORD', 'Van Der Brook', 'lvaderb2@gmail.com', '+22812378965', NULL, NULL, NULL, '$2y$10$YJdt6ZfExwlPrWfd9uqOq.GpJwHXWX0aQPwF3NTKGyB/AClrx1i/a', 0, 'client', 'particulier', 'M', '2021-10-29', NULL, NULL, NULL, NULL, NULL, NULL, NULL, 12, 1, NULL, NULL, NULL, NULL, NULL, NULL, NULL, NULL, 'f3926ccc168e1bf4fb324d31e12aa297561f6d74', NULL, NULL, NULL, '2021-10-05 15:33:11', '2021-10-05 15:33:11', NULL),
(33, 'Hendricks', 'Maris', 'xacycuhola@mailinator.com', '+1 (836)', NULL, NULL, NULL, '$2y$10$34rXJcnLLYKnQ84YZuEJ2.Uxk1pG3TrLPgGDnA9zlCnxnH.S4j3B6', 0, 'client', 'particulier', 'L', '2021-08-07', NULL, NULL, NULL, NULL, NULL, NULL, NULL, 8, 1, NULL, NULL, NULL, NULL, NULL, NULL, NULL, NULL, '52a7b2d361c8af26eac204e4cdb54face9629413', NULL, NULL, NULL, '2021-10-05 16:04:36', '2021-10-05 16:04:36', NULL),
(34, 'Whitney', 'Conan', 'venysug@mailinator.com', '+1 (437)', NULL, NULL, NULL, '$2y$10$.m5jPSEhqsL2o3KzUZW.3OVvx8EgCvwXsI0EHMP7fty1HlrqgebdS', 0, 'client', 'particulier', 'M', '2021-11-06', NULL, NULL, NULL, NULL, NULL, NULL, NULL, 6, 1, NULL, NULL, NULL, NULL, NULL, NULL, NULL, NULL, '59f05fe205df570e40ed6d73814e04845bbb19c4', NULL, NULL, NULL, '2021-10-05 16:05:05', '2021-10-05 16:05:05', NULL),
(35, 'Hart', 'Patience', 'cavos@mailinator.com', '+1 (936)', NULL, NULL, NULL, '$2y$10$KNOMOEYLSJ23eTHFPA6vRO1LRHZJ0OSO6GvijmJ3NgPqEG4yu9ay6', 0, 'prestataire', 'particulier', 'L', NULL, NULL, NULL, NULL, NULL, NULL, NULL, NULL, 13, 8, NULL, NULL, NULL, NULL, NULL, NULL, NULL, NULL, 'b29fd3d4bc3fa3ea929c5c4d94a520d1260a09dd', NULL, NULL, NULL, '2021-10-05 16:27:00', '2021-10-05 16:27:00', NULL),
(36, 'Carney', NULL, 'wewi@mailinator.com', '+1 (824)', NULL, NULL, NULL, '$2y$10$kq4H.noVMYf91V7JFl0Y1uhvKywkl5KVQ1u/aEl4mGDmaNRllKhzy', 0, 'prestataire', 'entreprise', NULL, NULL, NULL, NULL, NULL, NULL, '5', '2015-08-17', 'Scarlet Evans', 16, 4, NULL, NULL, NULL, NULL, NULL, NULL, NULL, NULL, '217bd761798f8904872da89f0ca84418196931f2', NULL, NULL, NULL, '2021-10-05 16:28:20', '2021-10-05 16:28:20', NULL),
(38, 'Maynard', 'Justine', 'zosug@mailinator.com', '+1 (658)', NULL, NULL, NULL, '$2y$10$5CE75DPqI4mJ3kM8/7F2VOmCYg2eueixXSXrEQT4Du0FtajHxkHVi', 1, 'client', 'particulier', 'L', '2001-02-16', NULL, NULL, NULL, NULL, '51', '2018-12-10', 'Aretha Bates', 19, 4, NULL, NULL, NULL, NULL, NULL, NULL, NULL, NULL, NULL, NULL, NULL, NULL, '2021-10-05 19:51:38', '2021-10-05 19:51:38', NULL),
(39, 'Powers', 'Yen', NULL, '+1 (585)', NULL, NULL, NULL, '$2y$10$vjRoPMy7DNSEqfG5CCHM3.NRdaP97z915EyuH.Z.P/RSMN15WG7xW', 1, 'client', 'particulier', 'L', '2003-06-12', NULL, NULL, NULL, NULL, NULL, NULL, NULL, 8, 3, NULL, NULL, NULL, NULL, NULL, NULL, NULL, NULL, NULL, NULL, NULL, NULL, '2021-10-05 19:54:13', '2021-10-05 19:54:13', NULL),
(41, 'Hardin', 'Mari', NULL, '+1 (612)', NULL, NULL, NULL, '$2y$10$BpiKxpUsXRYj72nO7ymm3OXpO7PAyBlZ9h5yzUFQRSzPCEyocthyC', 1, 'prestataire', 'particulier', 'M', NULL, NULL, NULL, NULL, NULL, NULL, NULL, NULL, 6, 4, NULL, NULL, NULL, NULL, NULL, NULL, NULL, NULL, NULL, NULL, NULL, NULL, '2021-10-05 19:56:31', '2021-10-05 19:56:31', NULL),
(42, 'Jennings', 'Henry', 'vumoneg@mailinator.com', '+1 (512)', NULL, NULL, NULL, '$2y$10$OI0W9eqrCHsl89wXrinaoO1HTT83r9BHp2Ds4Zif6S767sOu81WWe', 1, 'client', 'particulier', 'M', '2021-06-25', NULL, NULL, NULL, NULL, NULL, NULL, NULL, 12, 1, NULL, NULL, NULL, NULL, NULL, NULL, NULL, NULL, NULL, NULL, NULL, NULL, '2021-10-08 20:41:04', '2021-10-08 20:41:04', NULL),
(43, 'UN NOM', 'Un Prénom', 'monmail@gmail.com', '+22812369784', NULL, NULL, NULL, '$2y$10$tNEtciy75MOozg605/Dp2Oluq0EPQxszXOeMm4no6QY.cGex8npci', 0, 'prestataire', 'particulier', 'M', NULL, NULL, NULL, NULL, NULL, NULL, NULL, NULL, 5, 5, NULL, NULL, NULL, NULL, NULL, NULL, NULL, NULL, '789d2ea05b18d70c6e33a18775e3faf8f915680f', NULL, NULL, NULL, '2021-10-11 18:43:55', '2021-10-11 18:43:55', NULL),
(45, 'Barrera', 'Demetria', 'huldasossougah@gmail.com', '+1 (982)', NULL, NULL, NULL, '$2y$10$6/5.uJ6JYigVjh40Nna1D.9uJ2.Fcempgabj7IfY3uUeoTnMl6Cze', 1, 'prestataire', 'particulier', NULL, NULL, NULL, NULL, NULL, NULL, NULL, NULL, NULL, 14, 3, NULL, NULL, NULL, NULL, NULL, NULL, NULL, NULL, '9ed5e2f613ea1312c663c7df41be19d4e5638e4f', NULL, NULL, NULL, '2021-10-14 13:22:37', '2021-10-14 13:34:12', NULL),
(46, 'test', 'test', 'test@gmail.com', '68000089', NULL, NULL, NULL, '$2y$10$eaASxpPEyjeqrxjoR4eo7epI2IdZcAxH6ZV0qPLZAEFcft7vujX2a', 0, 'client', 'Particulier', 'Mme', '2021-10-15', NULL, NULL, NULL, NULL, NULL, NULL, NULL, 10, 2, NULL, NULL, NULL, NULL, NULL, NULL, NULL, NULL, '3a5fad4819eaf38d920ad040c9ba22695433d39e', NULL, NULL, NULL, '2021-10-15 17:04:03', '2021-10-15 17:04:03', NULL),
(48, 'test', 'test', 'test123@gmail.com', '08143333', NULL, NULL, NULL, '$2y$10$tpqr0ohBWHLnLcB9cdDgeeVow1pbKkIkXY7lPcWqTe0Hi.at75OoG', 0, 'prestataire', 'Entreprise', NULL, NULL, NULL, NULL, NULL, NULL, '24577', '2021-10-05', NULL, 8, 5, NULL, NULL, NULL, NULL, NULL, NULL, NULL, NULL, 'bcb0f6455e1390f48f37913c135d684d9e39a54b', NULL, NULL, NULL, '2021-10-19 07:03:12', '2021-10-19 07:03:12', NULL),
(50, 'test', 'test12', 'test31@gmail.com', '58648161', NULL, NULL, NULL, '$2y$10$tGLreO1u9uRkuVHNoTmds.n6oE1zBMewpJBVdRejiYxdq7TJxA74u', 0, 'client', 'Particulier', 'Célibataire', '2021-10-19', NULL, NULL, NULL, NULL, NULL, NULL, NULL, 12, 3, NULL, NULL, NULL, NULL, NULL, NULL, NULL, NULL, 'b6b302563f5e7fc3598379ef18988e0879f1f013', NULL, NULL, NULL, '2021-10-19 13:29:46', '2021-10-19 13:29:46', NULL),
(51, 'Komi', 'TAGBA', 'komivia@cistogo.com', '92963085', NULL, NULL, NULL, '$2y$10$ch4aS0MpfNtYHnygR6K8TuuDy88krkCUuSsLUgdlY76Id7VvHXv9i', 1, 'client', 'Particulier', 'Célibataire', '2021-10-19', NULL, NULL, NULL, NULL, NULL, NULL, NULL, 1, 2, NULL, NULL, NULL, NULL, NULL, NULL, NULL, NULL, '57e4fad785fdde556845a4e0a7e3776af668762b', NULL, NULL, NULL, '2021-10-19 16:55:23', '2021-10-19 16:58:14', NULL),
(53, 'test', 'SAs', 'kawo@gmail.com', '99330543', NULL, NULL, NULL, '$2y$10$BY5/jJq6TVtHpFfGjlTax.SghHA99lD1tVsa1nMzi1KRVhQTm7sSe', 0, 'client', 'Particulier', 'Célibataire', '2021-10-26', NULL, NULL, NULL, NULL, NULL, NULL, NULL, 5, 1, NULL, NULL, NULL, NULL, NULL, NULL, NULL, NULL, '83fbaa17276bfe53adf038898bea0eacc8e7c772', NULL, NULL, NULL, '2021-10-26 11:11:18', '2021-10-26 11:11:18', NULL),
(54, 'zd', 'aze', 'jas@gmail.com', '96325841', NULL, NULL, NULL, '$2y$10$qh2tn4WDJRG.FDhZ.dFW1.FKaRMHoPSue/.Ab/T5V8r2k6RtSGVqy', 0, 'client', 'Particulier', 'Mme', '2021-10-27', NULL, NULL, NULL, NULL, NULL, NULL, NULL, 6, 1, NULL, NULL, NULL, NULL, NULL, NULL, NULL, NULL, '3fed29ba3e48c33c696dcc23039b80aea11c68f4', NULL, NULL, NULL, '2021-10-26 11:59:54', '2021-10-26 11:59:54', NULL),
(56, 'gaba', 'gaba', 'gabalaetitia2@gmail.com', '98431616', NULL, NULL, NULL, '$2y$10$ZHd.h44JFqQmBdJ/3x2EsefqYPsANaOYXm.frnqWrgvoLumqAM0em', 1, 'prestataire', 'Particulier', NULL, NULL, NULL, NULL, NULL, NULL, NULL, NULL, NULL, 1, 4, NULL, NULL, NULL, NULL, NULL, NULL, NULL, NULL, 'c86b2f6637e11e454739532c4465d97db6d2dcef', NULL, NULL, NULL, '2021-10-26 19:07:41', '2021-10-26 19:08:28', NULL),
(57, 'Yoyo', 'Yoyo', 'yoy@gmail.com', '93562369', NULL, NULL, NULL, '$2y$10$Plm7.a6wSLgSq5siGW7vkOOSzb.VE1wEP93VIBxuMewNReAQ2MmzS', 1, 'prestataire', 'Particulier', NULL, NULL, NULL, NULL, NULL, NULL, NULL, NULL, NULL, 5, 4, NULL, NULL, NULL, NULL, NULL, NULL, NULL, NULL, 'dc8542541f5bf9f42d9f7caf13ede3a23eec9676', NULL, NULL, NULL, '2021-10-28 10:43:34', '2021-10-28 10:43:34', NULL),
(58, 'test', 'test', 'sparkcorporation220@gmail.com', '88632222', NULL, NULL, NULL, '$2y$10$pFwzMWeidCqiUlcHp3h7Ie.6S2yD7JezZE4UCkr6iSV2Lq94nrroq', 0, 'client', 'Particulier', 'Mlle', '2021-10-29', NULL, NULL, NULL, NULL, NULL, NULL, NULL, 11, 2, NULL, NULL, NULL, NULL, NULL, NULL, NULL, NULL, '46d8df796fecab1bb043816360d00aa4a71b36c1', NULL, NULL, NULL, '2021-10-29 20:43:23', '2021-10-29 20:43:23', NULL),
(60, 'You', 'You', 'you@gmail.com', '93562325', NULL, NULL, NULL, '$2y$10$ROyEfgZXPvFM3cHIj9DDR.XiJERcs4Ti34oQqFcFkL4lHHjw9jwyi', 0, 'client', 'Particulier', NULL, '2021-10-30', NULL, NULL, NULL, NULL, NULL, NULL, NULL, 1, 3, NULL, NULL, NULL, NULL, NULL, NULL, NULL, NULL, 'e140d1476a046ad536a60dfbb1e39ac8484f3c09', NULL, NULL, NULL, '2021-10-30 07:57:59', '2021-10-30 07:57:59', NULL),
(61, 'SOSSOU-GAH', 'Ezéchiel', 'sossougahezechiel@gmail.com', '99245957', NULL, NULL, NULL, '$2y$10$EpQsmjoryT8eWGVnoepkCupNBOlo4Pmh6oiB2Jr5iD9SUQ5hp4wTO', 1, 'client', 'Particulier', 'Mr', '2021-11-30', NULL, NULL, NULL, NULL, NULL, NULL, NULL, 8, 1, NULL, NULL, NULL, NULL, NULL, NULL, NULL, NULL, '6e31d7fcdba3113c708b139adc1162ac04ae9252', NULL, NULL, NULL, '2021-11-15 04:12:57', '2021-11-15 04:13:33', NULL),
(62, 'text', 'ty', 'kawokou122e@gmail.com', '96532855', NULL, NULL, NULL, '$2y$10$DPj7WVwGGDGvdCZBRbJ70eW.Epm7.u45O77B/yMKzcg198Q0q.p5y', 0, 'client', 'Particulier', NULL, '2021-11-15', NULL, NULL, NULL, NULL, NULL, NULL, NULL, 20, 2, NULL, NULL, NULL, NULL, NULL, NULL, NULL, NULL, 'd96e428e3feb6b9faa040f4bae057d8de2e60a5e', NULL, NULL, NULL, '2021-11-15 16:37:57', '2021-11-15 16:37:57', NULL),
(63, 'KEOULA', 'Edem', 'ekeoula@gmail.com', '92570112', NULL, NULL, NULL, '$2y$10$sxWmascrzFPyZUltNAACTux0NUGcYLTX881IJLO.PA.7DM9Extfnq', 1, 'client', 'Particulier', NULL, '1986-03-15', NULL, NULL, NULL, NULL, NULL, NULL, NULL, 1, 2, NULL, NULL, NULL, NULL, NULL, NULL, NULL, NULL, 'cbe826d3ef46dd8fe521f4a2020efe671536dc93', NULL, NULL, NULL, '2021-11-15 20:47:53', '2021-11-15 20:49:40', NULL),
(64, 'EPHATTA SERVICE', NULL, 'ephattaservice@gmail.com', '+22890881546', NULL, NULL, NULL, '$2y$10$iB6l0asZIGqiOhS/DIh2V.OjP4GAdJ/IO5/l0qtXVtDTuHIpfzvEq', 1, 'prestataire', 'entreprise', 'M', NULL, NULL, NULL, NULL, NULL, NULL, '2021-10-10', 'BRUNO DOWETIN', 1, 6, NULL, NULL, NULL, NULL, NULL, NULL, NULL, NULL, 'bd75c45cf6e9b86c7b2be275c9a82819761b9c36', NULL, NULL, 'e24SwCgV4FOCWGwAtWOn3ROkC33WhUPKsmjeT3jNiYMcpjt7dI2FmzNhM0a7', '2021-11-20 17:55:54', '2021-11-22 06:58:13', NULL),
(65, 'test', 'test', 'benblackapple@gmail.com', '0016693334444', NULL, NULL, NULL, '$2y$10$JOR.oD0oU00rnygdS/b5fO8B/KrjTMe2qI5bdCTZO9qeekMk7rG1y', 1, 'client', 'Particulier', NULL, '2021-12-01', NULL, NULL, NULL, NULL, NULL, NULL, NULL, 14, 2, NULL, NULL, NULL, NULL, NULL, NULL, NULL, NULL, 'aa6d9dc9fe0d42fe8d1da12505fd406e65e77ff9', NULL, NULL, NULL, '2021-12-01 21:22:05', '2021-12-01 21:22:52', NULL),
(66, 'Azé', 'Adjo', 'komivi@cistogo.com', '96325854', NULL, NULL, NULL, '$2y$10$/KSUlKXGiW0WD.QMAUUlIOVqkjGEexCG4iTEHCN.Nvu/UZdjgZnam', 1, 'client', 'Particulier', NULL, '2021-12-07', NULL, NULL, NULL, NULL, NULL, NULL, NULL, 12, 2, NULL, NULL, NULL, NULL, NULL, NULL, NULL, NULL, '04db6e81ea37cd8a5533962fa1a8a7b6957b5433', NULL, NULL, NULL, '2021-12-07 15:22:42', '2021-12-07 15:22:42', NULL),
(67, 'yoki', 'hbj', 'fdujk@gmail.com', '22223333', NULL, NULL, NULL, '$2y$10$n44LAfU.PymtzTE/ZTXToOiTq4ifs93XuAGJLHrgcIrOzWKzgRPNC', 0, 'client', 'Particulier', NULL, '1910-12-07', NULL, NULL, NULL, NULL, NULL, NULL, NULL, 12, 2, NULL, NULL, NULL, NULL, NULL, NULL, NULL, NULL, '116960d2cf45adcecdf26593f2d2fda4357b9460', NULL, NULL, NULL, '2021-12-07 18:35:46', '2021-12-07 18:35:46', NULL),
(80, 'ADAMS', 'GAUTHIER', NULL, '+22870335456', NULL, NULL, NULL, '$2y$10$6p1kQQETHO9Ns.IiS897Qu7iWDn9fHncMlEuMD4cdf6YOtqJN4atO', 1, 'prestataire', 'particulier', 'M', NULL, NULL, NULL, NULL, NULL, NULL, NULL, NULL, 5, 8, NULL, NULL, NULL, NULL, NULL, NULL, NULL, NULL, NULL, NULL, NULL, NULL, '2021-12-28 10:07:10', '2021-12-28 10:07:10', NULL),
(69, 'ZEUS', 'Lattevi', 'techekou@gmail.com', '+22892018760', NULL, NULL, NULL, '$2y$10$GCZGyYpX8p9QRUFrd92X5Ob9O/y7.k2zdgtgKA/UEcGAZSbE7RC7m', 0, 'client', 'particulier', 'M', NULL, NULL, NULL, NULL, NULL, NULL, NULL, NULL, 1, NULL, NULL, NULL, NULL, NULL, NULL, NULL, NULL, NULL, '232accb6ae95af585220d21bcd3b7d59d92701f2', NULL, NULL, NULL, '2021-12-21 10:02:43', '2021-12-21 10:02:43', NULL),
(70, 'SEDZRO', 'Yao Derick', 'sedzroderic@gmail.com', '+22891992981', NULL, NULL, NULL, '$2y$10$Hmc2HxkzbWpyeD1o8f4FB.IVZ/T5a6LeV/TqCSoPYtDd0nipG0A5e', 1, 'prestataire', 'particulier', 'M', NULL, NULL, NULL, NULL, NULL, NULL, NULL, NULL, 2, 4, NULL, NULL, NULL, NULL, NULL, NULL, NULL, NULL, 'd63794bb155ef2164f6f52a8fe7e6e32637bd2a1', NULL, NULL, NULL, '2021-12-24 09:51:55', '2021-12-28 08:49:16', NULL),
(71, 'TAGBA', 'Eric', 'kawokou1@gmail.com', '92586352', NULL, NULL, NULL, '$2y$10$88KzL5whbXWf/DnK91fGWu1eF8t0l4UbvczdpYSnwFWAPn/LKQtV6', 1, 'client', 'Particulier', NULL, '2021-12-24', NULL, NULL, NULL, NULL, NULL, NULL, NULL, 10, NULL, NULL, NULL, NULL, NULL, NULL, NULL, NULL, NULL, '33fe0cbde4ec8f3937679b93c29554c2971655e8', NULL, NULL, NULL, '2021-12-24 10:37:19', '2021-12-24 10:37:19', NULL),
(73, 'DIAWARA', 'Mariam', 'diawarariam02@gmail.com', '+22898542635', NULL, NULL, NULL, '$2y$10$AvfFfP.jtHe9dke30dpL7O6ekTQLv0B5Ix4GGak1DIrIWwSFKR0qm', 0, 'client', 'particulier', 'L', NULL, NULL, NULL, NULL, NULL, NULL, NULL, NULL, 1, NULL, NULL, NULL, NULL, NULL, NULL, NULL, NULL, NULL, '52e83efd652eba4c8304830af72847c8f90d3797', NULL, NULL, NULL, '2021-12-24 14:15:44', '2021-12-24 14:15:44', NULL),
(74, 'ESIAKU', 'Donné', 'donnesiaku@gmail.com', '+22898989898', NULL, NULL, NULL, '$2y$10$zBixHT2Uh21BLudM9tIPiuvqCQ26LWfao8WmlWARpEJrzl1ccwJZe', 0, 'client', 'particulier', 'M', NULL, NULL, NULL, NULL, NULL, '300000', '2021-12-09', 'DONNÉ KOFFI ESIAKU', 1, NULL, NULL, NULL, NULL, NULL, NULL, NULL, NULL, NULL, '86ca014769099dd427b3287259377ea5cf8a2a5d', NULL, NULL, NULL, '2021-12-24 14:16:33', '2021-12-24 14:16:33', NULL),
(75, 'ESIAKU', 'Donné', 'donnesiaku@yahoo.com', '+22898989897', NULL, NULL, NULL, '$2y$10$MM.S.bru8aig.7bmCa0wlus6ZM/AA7qE8TrSTJbj8HpFYsCAsOwyi', 1, 'client', 'particulier', 'M', NULL, NULL, NULL, NULL, NULL, '300000', '2021-12-09', 'DONNÉ KOFFI ESIAKU', 1, NULL, NULL, NULL, NULL, NULL, NULL, NULL, NULL, NULL, '410d8bf8815a830b2a92d5d47f472edd92831d34', NULL, NULL, NULL, '2021-12-24 14:18:48', '2021-12-24 14:19:34', NULL),
(76, 'GI', 'Admin', 'centralresourcenet@gmail.com', '+22812121212', NULL, NULL, NULL, '$2y$10$a0TlRfWxXFiu3VUIKB5dU.RNPBgH5NML2vLR7FIS2Qt.ag4VOsmSy', 1, 'client', 'particulier', 'M', NULL, NULL, NULL, NULL, NULL, NULL, NULL, NULL, 18, NULL, NULL, NULL, NULL, NULL, NULL, NULL, NULL, NULL, 'ac34dfedabc8175bf9dfcd4fbefef3fa2fb882af', NULL, NULL, NULL, '2021-12-28 01:28:13', '2021-12-28 01:28:39', NULL),
(77, 'ADANLETE', 'NORA', 'norakess@gmail.com', '+22893147404', NULL, NULL, NULL, '$2y$10$q7Eu6WNlJ3FI2okLKqeNg.t/D1Y0l46.X1h4JG/6X7PTKz.0dXIeK', 1, 'client', 'particulier', 'F', NULL, NULL, NULL, NULL, NULL, NULL, NULL, NULL, 14, NULL, NULL, NULL, NULL, NULL, NULL, NULL, NULL, NULL, 'c0667d5691f67ac2ee64c9cad69fd49d1c5477a1', NULL, NULL, '60gABgrwfch8vSau0wbNR7W7aTF2M7E0PNp7cmJQazkPseyXIFeu1b834dqJ', '2021-12-28 08:24:14', '2021-12-28 08:24:43', NULL),
(78, 'akitani', 'bob', 'krakitan@prowebgroupe.com', '0033688539848', NULL, NULL, NULL, '$2y$10$2cRh91EzRE71AoIwnNNQSeUAUW07eYmSWZlfhSarejEWGFyD.v/.O', 1, 'prestataire', 'Particulier', NULL, NULL, NULL, NULL, NULL, NULL, NULL, NULL, NULL, 1, 8, NULL, NULL, NULL, NULL, NULL, NULL, NULL, NULL, '3b39ffb2cbe1c35cf8b8bb43dea3560773863800', NULL, NULL, NULL, '2021-12-28 09:25:35', '2021-12-28 09:27:12', NULL);

-- --------------------------------------------------------

--
-- Structure de la table `villes`
--

DROP TABLE IF EXISTS `villes`;
CREATE TABLE IF NOT EXISTS `villes` (
  `id` bigint(20) UNSIGNED NOT NULL AUTO_INCREMENT,
  `title_ville` varchar(191) COLLATE utf8mb4_unicode_ci DEFAULT NULL,
  `description_ville` mediumtext COLLATE utf8mb4_unicode_ci,
  `region_id` bigint(20) UNSIGNED NOT NULL,
  `created_at` timestamp NULL DEFAULT NULL,
  `updated_at` timestamp NULL DEFAULT NULL,
  PRIMARY KEY (`id`),
  KEY `villes_region_id_foreign` (`region_id`)
) ENGINE=MyISAM AUTO_INCREMENT=25 DEFAULT CHARSET=utf8mb4 COLLATE=utf8mb4_unicode_ci;

--
-- Déchargement des données de la table `villes`
--

INSERT INTO `villes` (`id`, `title_ville`, `description_ville`, `region_id`, `created_at`, `updated_at`) VALUES
(1, 'Lome', NULL, 1, '2021-08-25 19:44:44', '2021-08-25 19:44:44'),
(2, 'Tsevie', NULL, 1, '2021-08-25 19:46:34', '2021-08-25 19:46:34'),
(3, 'Aneho', NULL, 1, '2021-08-25 19:46:49', '2021-08-25 19:46:49'),
(4, 'Vogan', NULL, 1, '2021-08-25 19:48:03', '2021-08-25 19:48:03'),
(5, 'Tabligbo', NULL, 1, '2021-08-25 19:48:14', '2021-08-25 19:48:14'),
(6, 'Sokode', NULL, 3, '2021-08-25 19:48:52', '2021-08-25 19:48:52'),
(7, 'Tchamba', NULL, 3, '2021-08-25 19:49:04', '2021-08-25 19:49:04'),
(8, 'Sotouboua', NULL, 1, '2021-08-25 19:49:15', '2021-08-25 19:49:15'),
(9, 'Kara', NULL, 4, '2021-08-25 19:49:45', '2021-08-25 19:49:45'),
(10, 'Bassar', NULL, 4, '2021-08-25 19:50:16', '2021-08-25 19:50:16'),
(11, 'Niamtougou', NULL, 4, '2021-08-25 19:50:29', '2021-08-25 19:50:29'),
(12, 'Bafilo', NULL, 4, '2021-08-25 19:51:08', '2021-08-25 19:51:08'),
(13, 'Kande', NULL, 4, '2021-08-25 19:51:21', '2021-08-25 19:51:21'),
(14, 'Kpagouda', NULL, 4, '2021-08-25 19:51:30', '2021-08-25 19:51:30'),
(15, 'Kpalime', NULL, 2, '2021-08-25 19:51:58', '2021-08-25 19:51:58'),
(16, 'Atakpame', NULL, 2, '2021-08-25 19:52:11', '2021-08-25 19:52:11'),
(17, 'Notse', NULL, 2, '2021-08-25 19:52:23', '2021-08-25 19:52:23'),
(18, 'Amlamé', NULL, 2, '2021-08-25 19:53:13', '2021-08-25 19:53:13'),
(19, 'Mango', NULL, 5, '2021-08-25 19:55:39', '2021-08-25 19:55:39'),
(20, 'Biankouri', NULL, 5, '2021-08-25 19:55:49', '2021-08-25 19:55:49'),
(21, 'Galangachi', NULL, 5, '2021-08-25 19:56:27', '2021-08-25 19:56:27'),
(22, 'Dapaong', NULL, 5, '2021-08-25 19:58:03', '2021-08-25 19:58:03'),
(23, 'Badou', NULL, 2, '2021-08-25 19:58:57', '2021-08-25 19:58:57');
COMMIT;

/*!40101 SET CHARACTER_SET_CLIENT=@OLD_CHARACTER_SET_CLIENT */;
/*!40101 SET CHARACTER_SET_RESULTS=@OLD_CHARACTER_SET_RESULTS */;
/*!40101 SET COLLATION_CONNECTION=@OLD_COLLATION_CONNECTION */;
